,State,Energy(cm-1),Wavelength(nm),fosc(ELEC),T2(au^2),TX(au),TY(au),TZ(au),,State,Energy(cm-1),Wavelength(nm),fosc(VELO),T2(au^2),TX(au),TY(au),TZ(au),,State,Energy(cm-1),Wavelength(nm),R(ELEC),MX(au),MY(au),MZ(au),,State,Energy(cm-1),Wavelength(nm),R(VELO),MX(au),MY(au),MZ(au)
,1,40049.5,249.7,0.009482346,0.07795,0.08842,0.2427,-0.10594,,1,40049.5,249.7,0.000127573,0.00003,-0.00225,-0.00512,0.00192,,1,40049.5,249.7,14.154,-0.04642,0.11358,-0.06192,,1,40049.5,249.7,1.53949,-0.04642,0.11358,-0.06192
,2,40170.8,248.9,0.132583362,1.08656,0.06858,0.79658,-0.66882,,2,40170.8,248.9,0.00130826,0.00036,-0.00301,-0.0164,0.009,,2,40170.8,248.9,258.15692,-0.22036,0.31746,-0.46322,,2,40170.8,248.9,22.44377,-0.22036,0.31746,-0.46322
,3,40178,248.9,0.155628151,1.27519,-0.87108,-0.2243,-0.68272,,3,40178,248.9,0.001522136,0.00042,0.01808,-0.00057,0.00952,,3,40178,248.9,263.05361,-0.6053,-0.29019,0.05037,,3,40178,248.9,26.53063,-0.6053,-0.29019,0.05037
,4,40423.7,247.4,0.011329114,0.09226,-0.18306,-0.2207,-0.10021,,4,40423.7,247.4,0.010426762,0.00288,-0.02754,0.03263,0.03252,,4,40423.7,247.4,71.37416,1.2404,-1.16672,-1.20715,,4,40423.7,247.4,285.37071,1.2404,-1.16672,-1.20715
,5,40499.7,246.9,0.002362091,0.0192,0.12479,0.01783,-0.05753,,5,40499.7,246.9,0.003633615,0.00101,-0.0196,0.01597,0.01915,,5,40499.7,246.9,56.26848,0.7042,-0.70144,-0.76442,,5,40499.7,246.9,101.2758,0.7042,-0.70144,-0.76442
,6,40745.5,245.4,0.47398284,3.82965,1.46906,1.21814,0.43319,,6,40745.5,245.4,0.003371803,0.00094,-0.02568,-0.01385,-0.00936,,6,40745.5,245.4,-230.13002,-0.05852,-0.34413,0.03935,,6,40745.5,245.4,-14.98488,-0.05852,-0.34413,0.03935
,7,40871.1,244.7,0.468668707,3.77508,-0.38801,1.12247,-1.53772,,7,40871.1,244.7,0.00351753,0.00098,0.00042,-0.01926,0.02472,,7,40871.1,244.7,-221.48805,0.33074,-0.01458,0.21142,,7,40871.1,244.7,-14.29785,0.33074,-0.01458,0.21142
,8,41670.8,240,0.009279853,0.07331,-0.13532,0.15548,0.17558,,8,41670.8,240,0.000724342,0.00021,-0.00938,0.00893,0.00621,,8,41670.8,240,-41.00853,0.19665,-0.19787,-0.16863,,8,41670.8,240,11.56815,0.19665,-0.19787,-0.16863
,9,44631.1,224.1,0.113658945,0.83838,0.02246,0.75746,-0.51394,,9,44631.1,224.1,0.020050389,0.00612,-0.00344,-0.04913,0.06075,,9,44631.1,224.1,-37.20371,-0.48973,0.64747,1.0864,,9,44631.1,224.1,-83.16619,-0.48973,0.64747,1.0864
,10,44864.4,222.9,0.104683395,0.76816,0.21365,-0.41641,0.74102,,10,44864.4,222.9,0.020401523,0.00626,-0.03942,0.04138,-0.05467,,10,44864.4,222.9,-82.98579,-1.4063,0.92079,0.68536,,10,44864.4,222.9,-129.33168,-1.4063,0.92079,0.68536
,11,44900.3,222.7,0.094947267,0.69616,0.62078,0.53206,0.16645,,11,44900.3,222.7,0.017727791,0.00544,-0.05819,-0.04531,-0.00038,,11,44900.3,222.7,-94.43594,-0.44078,-0.04636,0.58865,,11,44900.3,222.7,-63.43418,-0.44078,-0.04636,0.58865
,12,45015.3,222.1,0.131040092,0.95834,-0.78067,-0.49559,-0.32138,,12,45015.3,222.1,0.027364377,0.00842,0.06136,0.06029,0.03191,,12,45015.3,222.1,-176.14318,-0.42099,1.044,0.57524,,12,45015.3,222.1,-127.49591,-0.42099,1.044,0.57524
,13,45654.2,219,0.083359596,0.6011,0.10519,-0.58672,0.49579,,13,45654.2,219,0.013846168,0.00432,-0.00595,0.0532,-0.03814,,13,45654.2,219,33.44754,-0.43069,0.45609,0.77422,,13,45654.2,219,6.12178,-0.43069,0.45609,0.77422
,14,45850,218.1,0.09679794,0.69503,-0.05869,-0.45746,0.69449,,14,45850,218.1,0.019863879,0.00622,0.01738,0.03533,-0.06837,,14,45850,218.1,-97.45266,1.31961,-1.04738,-0.87604,,14,45850,218.1,-103.41356,1.31961,-1.04738,-0.87604
,15,45942.3,217.7,0.046497556,0.33319,-0.4453,-0.20178,-0.30689,,15,45942.3,217.7,0.010626292,0.00334,0.04193,0.01782,0.03551,,15,45942.3,217.7,2.205,-0.16461,-0.02495,0.24001,,15,45942.3,217.7,-2.65148,-0.16461,-0.02495,0.24001
,16,45992.4,217.4,0.005730313,0.04102,0.17302,-0.08,-0.06842,,16,45992.4,217.4,0.004334155,0.00136,-0.02577,0.02217,0.01438,,16,45992.4,217.4,-199.34737,-1.35996,1.2914,1.23102,,16,45992.4,217.4,-183.08192,-1.35996,1.2914,1.23102
,17,46148.2,216.7,0.264766011,1.88879,0.89759,0.01892,1.04056,,17,46148.2,216.7,0.048934242,0.01543,-0.0765,-0.00505,-0.09776,,17,46148.2,216.7,16.28874,0.64157,-0.06182,-0.5191,,17,46148.2,216.7,-4.4403,0.64157,-0.06182,-0.5191
,18,46346.7,215.8,0.944074137,6.70599,2.06342,1.1847,1.02215,,18,46346.7,215.8,0.16768103,0.05311,-0.18475,-0.10636,-0.08758,,18,46346.7,215.8,432.30072,0.11421,0.70178,-0.14685,,18,46346.7,215.8,185.02948,0.11421,0.70178,-0.14685
,19,46450.5,215.3,0.865323166,6.13286,-0.06486,1.76985,-1.73098,,19,46450.5,215.3,0.152618463,0.04845,0.01159,-0.15631,0.15454,,19,46450.5,215.3,430.71674,-0.30646,-0.16901,-0.68911,,19,46450.5,215.3,186.28495,-0.30646,-0.16901,-0.68911
,20,46581.5,214.7,0.017223563,0.12173,-0.03078,-0.26917,0.21983,,20,46581.5,214.7,0.005443414,0.00173,-0.01521,0.03874,-0.00101,,20,46581.5,214.7,-29.93527,-0.94925,0.95046,0.74208,,20,46581.5,214.7,-112.19487,-0.94925,0.95046,0.74208
,21,46706.7,214.1,0.095889616,0.67588,-0.18028,-0.65482,0.46323,,21,46706.7,214.1,0.018547851,0.00592,0.01257,0.06252,-0.04306,,21,46706.7,214.1,82.34383,-0.27046,0.08701,0.39479,,21,46706.7,214.1,33.14637,-0.27046,0.08701,0.39479
,22,46789.1,213.7,0.04089072,0.28771,0.32854,-0.069,0.41835,,22,46789.1,213.7,0.011716457,0.00375,-0.02893,0.02808,-0.04606,,22,46789.1,213.7,-35.84875,-0.49798,0.06167,0.21949,,22,46789.1,213.7,-13.33006,-0.49798,0.06167,0.21949
,23,46923.6,213.1,0.282195278,1.97986,-1.11642,-0.62946,-0.58072,,23,46923.6,213.1,0.051894185,0.01664,0.10105,0.04835,0.06399,,23,46923.6,213.1,-68.86078,-0.11958,0.5637,-0.1296,,23,46923.6,213.1,-15.1649,-0.11958,0.5637,-0.1296
,24,46944.6,213,0.459927886,3.22537,-0.50235,-1.44421,0.94195,,24,46944.6,213,0.087646264,0.02812,0.06256,0.1321,-0.08219,,24,46944.6,213,-62.07756,-0.23546,-0.27314,-0.68415,,24,46944.6,213,-11.93546,-0.23546,-0.27314,-0.68415
,25,47034.6,212.6,0.262545082,1.83765,-0.94363,-0.05528,-0.97167,,25,47034.6,212.6,0.040408173,0.01299,0.08531,0.01328,0.0744,,25,47034.6,212.6,-10.63526,0.25889,0.16371,-0.23751,,25,47034.6,212.6,-14.49306,0.25889,0.16371,-0.23751
,26,47115,212.2,0.088646686,0.61941,-0.35318,-0.63785,0.29635,,26,47115,212.2,0.012194369,0.00393,0.01176,0.04603,-0.04086,,26,47115,212.2,6.43671,-0.10266,-0.04562,-0.17447,,26,47115,212.2,-8.39433,-0.10266,-0.04562,-0.17447
,27,47252.6,211.6,0.006718902,0.04681,-0.0572,0.16957,-0.1216,,27,47252.6,211.6,0.002090827,0.00068,0.01021,-0.01768,0.01607,,27,47252.6,211.6,5.24795,0.0447,0.06696,-0.0192,,27,47252.6,211.6,2.26841,0.0447,0.06696,-0.0192
,28,47321.5,211.3,0.009300969,0.06471,0.11342,-0.14201,0.17797,,28,47321.5,211.3,0.000867748,0.00028,-0.0087,0.01043,-0.00981,,28,47321.5,211.3,1.26319,-0.04482,-0.03705,0.01405,,28,47321.5,211.3,0.29416,-0.04482,-0.03705,0.01405
,29,47738.4,209.5,0.003695332,0.02548,0.03998,-0.10589,0.11257,,29,47738.4,209.5,0.000631111,0.00021,0.01232,0.0034,-0.00652,,29,47738.4,209.5,-4.05351,-0.19937,0.11546,0.10304,,29,47738.4,209.5,5.92894,-0.19937,0.11546,0.10304
,30,47962,208.5,0.001613865,0.01108,-0.00648,-0.06003,0.08621,,30,47962,208.5,0.000968434,0.00032,0.00727,0.01409,0.00813,,30,47962,208.5,-2.02836,0.03237,-0.13305,-0.14013,,30,47962,208.5,5.99355,0.03237,-0.13305,-0.14013
,31,48139,207.7,0.000977499,0.00668,0.05013,0.06386,-0.0097,,31,48139,207.7,0.000886049,0.00029,0.00183,0.01312,-0.01077,,31,48139,207.7,-2.64094,-0.02861,-0.04668,0.12237,,31,48139,207.7,4.26222,-0.02861,-0.04668,0.12237
,32,48292.2,207.1,0.000510264,0.00348,0.04692,0.00463,0.03544,,32,48292.2,207.1,0.000080203,0.00003,0.00057,0.00147,-0.0049,,32,48292.2,207.1,-0.38708,-0.04819,-0.00028,0.04068,,32,48292.2,207.1,0.48675,-0.04819,-0.00028,0.04068
,33,49277.1,202.9,0.002305043,0.0154,-0.0396,0.09667,-0.06698,,33,49277.1,202.9,0.001023162,0.00034,0.00317,-0.01788,0.00383,,33,49277.1,202.9,12.25506,-0.07872,0.16356,-0.10549,,33,49277.1,202.9,7.51522,-0.07872,0.16356,-0.10549
,34,49503,202,0.000280114,0.00186,0.02423,-0.01665,-0.0316,,34,49503,202,0.008108459,0.00274,0.03599,-0.02673,-0.02708,,34,49503,202,-2.04423,0.01359,-0.0797,0.18965,,34,49503,202,5.26205,0.01359,-0.0797,0.18965
,35,49545.7,201.8,0.00796367,0.05292,0.17112,-0.05852,0.14216,,35,49545.7,201.8,0.006634205,0.00225,0.00406,-0.01886,-0.04329,,35,49545.7,201.8,10.34181,0.12756,-0.0385,-0.01508,,35,49545.7,201.8,-3.96191,0.12756,-0.0385,-0.01508
,36,49583.2,201.7,0.005232263,0.03474,-0.04547,-0.01421,-0.1802,,36,49583.2,201.7,0.007264782,0.00246,0.03828,-0.03083,-0.00678,,36,49583.2,201.7,3.24037,0.09285,-0.10102,-0.05361,,36,49583.2,201.7,-14.67466,0.09285,-0.10102,-0.05361
,37,49610.4,201.6,0.001437255,0.00954,0.01886,0.09571,0.00453,,37,49610.4,201.6,0.001647895,0.00056,-0.01781,-0.00804,0.01331,,37,49610.4,201.6,-12.97663,-0.17761,-0.25285,0.00589,,37,49610.4,201.6,-10.99702,-0.17761,-0.25285,0.00589
,38,49623,201.5,0.001134297,0.00753,0.08652,0.00289,-0.00566,,38,49623,201.5,0.000602814,0.0002,-0.00446,-0.01251,-0.0053,,38,49623,201.5,-6.23875,-0.1602,0.07422,-0.07282,,38,49623,201.5,-0.35789,-0.1602,0.07422,-0.07282
,39,49635.5,201.5,0.001008987,0.00669,0.08086,0.00987,0.00749,,39,49635.5,201.5,0.000743657,0.00025,0.00188,-0.011,-0.01131,,39,49635.5,201.5,-0.34115,-0.01246,-0.09704,0.16587,,39,49635.5,201.5,1.73355,-0.01246,-0.09704,0.16587
,40,49664.9,201.3,0.000608488,0.00403,-0.05183,-0.0038,-0.03651,,40,49664.9,201.3,0.000517348,0.00018,0.01205,-0.00179,-0.00522,,40,49664.9,201.3,16.05781,-0.24832,0.25082,-0.60649,,40,49664.9,201.3,0.56345,-0.24832,0.25082,-0.60649
,41,49701.9,201.2,0.000357083,0.00237,0.03656,-0.02367,0.02164,,41,49701.9,201.2,0.000542716,0.00018,0.00127,-0.00564,-0.01229,,41,49701.9,201.2,-3.17692,-0.4503,-0.48354,-0.07965,,41,49701.9,201.2,-6.52133,-0.4503,-0.48354,-0.07965
,42,49723.7,201.1,0.002456598,0.01626,0.10332,0.01072,0.07399,,42,49723.7,201.1,0.000642956,0.00022,-0.00633,-0.0093,-0.00959,,42,49723.7,201.1,18.62692,0.32379,0.21209,0.05112,,42,49723.7,201.1,9.38635,0.32379,0.21209,0.05112
,43,49739.7,201,0.000913095,0.00604,0.0122,-0.06175,-0.04563,,43,49739.7,201,0.001577102,0.00054,0.01543,-0.00936,-0.0145,,43,49739.7,201,0.11916,-0.05007,0.16017,-0.2357,,43,49739.7,201,-2.3833,-0.05007,0.16017,-0.2357
,44,49804.5,200.8,0.000149286,0.00099,0.01991,-0.01363,0.02012,,44,49804.5,200.8,0.000055968,0.00002,-0.00152,-0.00115,-0.00393,,44,49804.5,200.8,-1.58208,-0.05693,0.0542,-0.07376,,44,49804.5,200.8,-0.65178,-0.05693,0.0542,-0.07376
,45,49892.1,200.4,0.005185919,0.03422,-0.10201,-0.14908,0.03984,,45,49892.1,200.4,0.000903996,0.00031,0.00991,0.01103,-0.00941,,45,49892.1,200.4,15.1309,-0.0521,-0.15334,0.09838,,45,49892.1,200.4,6.49664,-0.0521,-0.15334,0.09838
,46,49973.5,200.1,0.004823969,0.03178,-0.07977,-0.13677,0.08191,,46,49973.5,200.1,0.000984839,0.00034,0.00115,0.01691,-0.007,,46,49973.5,200.1,8.31188,-0.01792,-0.1028,0.02613,,46,49973.5,200.1,4.02137,-0.01792,-0.1028,0.02613
,47,50065.7,199.7,0.001308871,0.00861,0.03964,-0.02652,0.07958,,47,50065.7,199.7,0.000033806,0.00001,-0.00081,0.00102,-0.00314,,47,50065.7,199.7,0.46866,-0.12518,0.02288,0.08247,,47,50065.7,199.7,0.27678,-0.12518,0.02288,0.08247
,48,50180.4,199.3,0.000169655,0.00111,-0.01266,0.02832,-0.01227,,48,50180.4,199.3,0.000016168,0.00001,-0.00107,-0.0009,-0.00189,,48,50180.4,199.3,1.21869,-0.05429,0.11747,0.11648,,48,50180.4,199.3,0.55324,-0.05429,0.11747,0.11648
,49,50577.4,197.7,0.001358399,0.00884,0.01121,-0.05553,0.07505,,49,50577.4,197.7,0.000105269,0.00004,-0.00064,0.00574,-0.00174,,49,50577.4,197.7,-0.07974,-0.05001,0.0227,0.02201,,49,50577.4,197.7,-0.25428,-0.05001,0.0227,0.02201
,50,50704.5,197.2,0.001240892,0.00806,0.00025,0.05735,-0.06905,,50,50704.5,197.2,0.000176519,0.00006,-0.00566,-0.00311,0.00441,,50,50704.5,197.2,-0.00868,-0.04526,0.03017,0.02516,,50,50704.5,197.2,-0.55834,-0.04526,0.03017,0.02516
,51,50938.6,196.3,0.004578469,0.02959,-0.15002,-0.08256,-0.0164,,51,50938.6,196.3,0.001093563,0.00038,0.01729,0.00624,0.00655,,51,50938.6,196.3,0.63086,0.0139,-0.01661,-0.12508,,51,50938.6,196.3,1.38596,0.0139,-0.01661,-0.12508
,52,50968.2,196.2,0.003552666,0.02295,-0.02187,-0.14475,0.03894,,52,50968.2,196.2,0.000722001,0.00025,0.00303,0.01553,-0.00107,,52,50968.2,196.2,-1.13399,-0.11036,0.03402,0.00273,,52,50968.2,196.2,-0.38706,-0.11036,0.03402,0.00273
,53,51043.6,195.9,0.00071983,0.00464,-0.04876,0.00498,-0.04733,,53,51043.6,195.9,0.000157753,0.00006,0.00265,-0.00496,0.00484,,53,51043.6,195.9,-0.16954,0.08277,0.02032,-0.07554,,53,51043.6,195.9,0.4995,0.08277,0.02032,-0.07554
,54,51100.4,195.7,0.007207943,0.04644,0.08788,-0.05748,0.18818,,54,51100.4,195.7,0.002404013,0.00084,-0.00808,0.00494,-0.02738,,54,51100.4,195.7,-9.6766,-0.05412,-0.08077,-0.10847,,54,51100.4,195.7,-6.09144,-0.05412,-0.08077,-0.10847
,55,51139.3,195.5,0.009366436,0.0603,-0.15593,0.04068,-0.18528,,55,51139.3,195.5,0.00301955,0.00106,0.02057,-0.00825,0.02375,,55,51139.3,195.5,-16.76858,0.17533,-0.14417,0.01275,,55,51139.3,195.5,-10.31595,0.17533,-0.14417,0.01275
,56,51146.4,195.5,0.004433909,0.02854,0.01271,-0.08977,0.14255,,56,51146.4,195.5,0.001894402,0.00066,0.00369,0.01786,-0.01816,,56,51146.4,195.5,-3.62594,0.27022,0.07667,-0.02977,,56,51146.4,195.5,-5.88022,0.27022,0.07667,-0.02977
,57,51150.5,195.5,0.000494047,0.00318,0.02879,0.04846,-0.00161,,57,51150.5,195.5,0.000064954,0.00002,-0.00125,-0.0042,0.00187,,57,51150.5,195.5,-4.95625,0.03913,-0.24298,-0.08434,,57,51150.5,195.5,-1.64542,0.03913,-0.24298,-0.08434
,58,51205.6,195.3,0.009928976,0.06384,-0.08562,0.1306,-0.19862,,58,51205.6,195.3,0.002959699,0.00104,0.01297,-0.01407,0.02588,,58,51205.6,195.3,-0.73894,0.0282,-0.05098,-0.03779,,58,51205.6,195.3,-0.21257,0.0282,-0.05098,-0.03779
,59,51218.9,195.2,0.006354617,0.04084,0.10642,0.04119,0.1668,,59,51218.9,195.2,0.002836419,0.00099,-0.02186,-0.00609,-0.02186,,59,51218.9,195.2,-22.17532,-0.02579,-0.15309,-0.22773,,59,51218.9,195.2,-13.0821,-0.02579,-0.15309,-0.22773
,60,51263.7,195.1,0.001115122,0.00716,-0.08425,-0.00601,0.00521,,60,51263.7,195.1,0.000606353,0.00021,0.0139,0.00388,0.00204,,60,51263.7,195.1,-0.59736,0.0254,-0.08852,0.06557,,60,51263.7,195.1,-0.29014,0.0254,-0.08852,0.06557
,61,51326.7,194.8,0.004408038,0.02827,0.04027,0.15968,-0.03397,,61,51326.7,194.8,0.001159413,0.00041,-0.0044,-0.0195,0.00263,,61,51326.7,194.8,-0.49424,0.22616,-0.10835,-0.21035,,61,51326.7,194.8,-1.13641,0.22616,-0.10835,-0.21035
,62,51372.2,194.7,0.012594067,0.08071,-0.11903,-0.22263,0.13029,,62,51372.2,194.7,0.002994518,0.00105,0.01437,0.02355,-0.01704,,62,51372.2,194.7,19.3616,0.09888,-0.25036,-0.02226,,62,51372.2,194.7,8.24871,0.09888,-0.25036,-0.02226
,63,51552.5,194,0.001265237,0.00808,-0.06672,0.05994,-0.00594,,63,51552.5,194,0.000229419,0.00008,-0.00085,-0.00512,0.00734,,63,51552.5,194,8.25571,-0.24347,0.00784,-0.13392,,63,51552.5,194,1.64113,-0.24347,0.00784,-0.13392
,64,51638,193.7,0.001228594,0.00783,0.03538,-0.06359,-0.05037,,64,51638,193.7,0.00015251,0.00005,0.00732,-0.00003,0.00048,,64,51638,193.7,4.64019,0.03121,-0.28015,0.18022,,64,51638,193.7,-0.65073,0.03121,-0.28015,0.18022
,65,51664.9,193.6,0.001139094,0.00726,0.07558,-0.03564,-0.01659,,65,51664.9,193.6,0.000183792,0.00006,-0.00219,0.0008,-0.00771,,65,51664.9,193.6,5.9368,0.23433,0.21509,-0.15347,,65,51664.9,193.6,-1.68966,0.23433,0.21509,-0.15347
,66,51712.8,193.4,0.003872057,0.02465,-0.08617,0.0678,0.11237,,66,51712.8,193.4,0.000123811,0.00004,0.00074,0.00552,-0.00357,,66,51712.8,193.4,16.74917,0.08505,0.12304,0.30714,,66,51712.8,193.4,0.71314,0.08505,0.12304,0.30714
,67,51763,193.2,0.000071893,0.00046,0.00677,-0.01986,0.00413,,67,51763,193.2,0.000581138,0.00021,-0.0072,0.01083,0.00604,,67,51763,193.2,-0.49119,-0.06905,0.058,0.13967,,67,51763,193.2,-3.93606,-0.06905,0.058,0.13967
,68,51792.8,193.1,0.01347548,0.08565,0.21437,0.19707,0.0294,,68,51792.8,193.1,0.004833507,0.00171,-0.02712,-0.03123,0.00027,,68,51792.8,193.1,-10.44698,0.01076,-0.16394,0.26679,,68,51792.8,193.1,-9.79222,0.01076,-0.16394,0.26679
,69,51872.3,192.8,0.000570286,0.00362,-0.04041,0.04406,0.00669,,69,51872.3,192.8,0.000045698,0.00002,0.00225,-0.00314,-0.00112,,69,51872.3,192.8,2.2831,-0.13223,-0.01667,0.03492,,69,51872.3,192.8,0.56684,-0.13223,-0.01667,0.03492
,70,51878.8,192.8,0.004327107,0.02746,-0.0481,-0.15098,0.04847,,70,51878.8,192.8,0.001818629,0.00064,0.00122,0.02526,-0.00232,,70,51878.8,192.8,8.69784,0.19051,-0.27893,-0.29913,,70,51878.8,192.8,12.2011,0.19051,-0.27893,-0.29913
,71,51904.3,192.7,0.001714118,0.01087,0.02465,-0.09586,0.03278,,71,51904.3,192.7,0.000426109,0.00015,0.00559,0.00513,-0.00968,,71,51904.3,192.7,-14.50628,-0.13571,0.18148,-0.30587,,71,51904.3,192.7,-6.24157,-0.13571,0.18148,-0.30587
,72,51915.9,192.6,0.005805344,0.03681,0.08882,0.1408,-0.0954,,72,51915.9,192.6,0.002029903,0.00072,-0.01338,-0.01712,0.01576,,72,51915.9,192.6,12.82086,0.42295,-0.17166,-0.14465,,72,51915.9,192.6,9.96185,0.42295,-0.17166,-0.14465
,73,51924,192.6,0.001529416,0.0097,0.06691,-0.00148,-0.07223,,73,51924,192.6,0.000274757,0.0001,-0.00141,-0.00932,-0.00292,,73,51924,192.6,-0.27022,-0.10963,-0.33844,-0.08668,,73,51924,192.6,-7.10299,-0.10963,-0.33844,-0.08668
,74,51971.4,192.4,0.001600641,0.01014,-0.06236,0.04106,0.06756,,74,51971.4,192.4,0.000526833,0.00019,-0.00982,0.00768,0.00563,,74,51971.4,192.4,5.36909,-0.25826,0.00847,-0.07496,,74,51971.4,192.4,-4.33831,-0.25826,0.00847,-0.07496
,75,52259.2,191.4,0.012091418,0.07617,-0.19061,-0.0488,-0.19354,,75,52259.2,191.4,0.003434454,0.00123,0.02403,0.00818,0.02414,,75,52259.2,191.4,-2.45101,0.12774,0.04302,-0.10979,,75,52259.2,191.4,-1.52676,0.12774,0.04302,-0.10979
,76,52304.6,191.2,0.007225339,0.04548,0.03363,0.16353,-0.13268,,76,52304.6,191.2,0.001749041,0.00063,-0.01077,-0.01337,0.01817,,76,52304.6,191.2,1.05377,0.09659,-0.19467,-0.23232,,76,52304.6,191.2,5.25995,0.09659,-0.19467,-0.23232
,77,52332.5,191.1,0.00486466,0.0306,0.16186,0.03122,0.05856,,77,52332.5,191.1,0.001320147,0.00047,-0.02145,-0.0009,-0.00334,,77,52332.5,191.1,8.89064,0.25921,-0.26301,-0.25422,,77,52332.5,191.1,8.85155,0.25921,-0.26301,-0.25422
,78,52413.3,190.8,0.011265237,0.07076,-0.10461,0.06435,-0.23595,,78,52413.3,190.8,0.001680368,0.0006,0.00969,-0.00975,0.02032,,78,52413.3,190.8,5.06866,-0.22299,0.02231,0.05938,,78,52413.3,190.8,2.31343,-0.22299,0.02231,0.05938
,79,52464.2,190.6,0.014368638,0.09016,-0.13089,-0.26035,0.07244,,79,52464.2,190.6,0.002822939,0.00101,0.0133,0.02854,-0.00456,,79,52464.2,190.6,8.76268,0.11462,-0.13481,-0.02085,,79,52464.2,190.6,4.39419,0.11462,-0.13481,-0.02085
,80,52653.3,189.9,0.005607058,0.03506,-0.15927,-0.08467,-0.05022,,80,52653.3,189.9,0.001067026,0.00038,0.01653,0.00944,0.00466,,80,52653.3,189.9,1.74989,0.0891,-0.16796,-0.07331,,80,52653.3,189.9,0.89399,0.0891,-0.16796,-0.07331
,81,52911.5,189,0.011643251,0.07244,-0.04898,0.25669,-0.06444,,81,52911.5,189,0.004018766,0.00145,0.01332,-0.03368,0.0119,,81,52911.5,189,29.63134,-0.15579,0.31472,0.39679,,81,52911.5,189,15.55067,-0.15579,0.31472,0.39679
,82,52978.5,188.8,0.008716757,0.05417,-0.1253,-0.04114,0.19176,,82,52978.5,188.8,0.003776973,0.00137,0.01549,0.00311,-0.03344,,82,52978.5,188.8,40.85018,-0.4869,0.33902,0.20642,,82,52978.5,188.8,26.14664,-0.4869,0.33902,0.20642
,83,53092.9,188.3,0.002551586,0.01582,-0.02774,-0.00259,-0.12266,,83,53092.9,188.3,0.000753112,0.00027,-0.00317,0.00906,0.01346,,83,53092.9,188.3,14.41169,0.05688,-0.03187,-0.26141,,83,53092.9,188.3,7.77071,0.05688,-0.03187,-0.26141
,84,53166.8,188.1,0.014657117,0.09076,-0.25243,-0.01859,-0.16338,,84,53166.8,188.1,0.004258581,0.00155,0.03611,0.00208,0.01546,,84,53166.8,188.1,14.70993,-0.11919,0.23125,-0.03313,,84,53166.8,188.1,8.43564,-0.11919,0.23125,-0.03313
,85,53238.2,187.8,0.002190178,0.01354,0.05779,-0.05693,-0.08344,,85,53238.2,187.8,0.001059294,0.00039,-0.00914,0.01523,0.00837,,85,53238.2,187.8,27.21106,0.31372,-0.13643,-0.38136,,85,53238.2,187.8,15.81124,0.31372,-0.13643,-0.38136
,86,53310.4,187.6,0.002147793,0.01326,-0.05257,-0.10179,-0.01179,,86,53310.4,187.6,0.001766113,0.00064,0.01454,0.01827,0.00992,,86,53310.4,187.6,-3.4666,0.25335,-0.05185,-0.05829,,86,53310.4,187.6,-4.19033,0.25335,-0.05185,-0.05829
,87,53325.1,187.5,0.00312452,0.01929,0.06138,0.09113,0.08495,,87,53325.1,187.5,0.000984845,0.00036,-0.00068,-0.00241,-0.01878,,87,53325.1,187.5,20.34095,-0.0718,0.38329,0.14858,,87,53325.1,187.5,7.11358,-0.0718,0.38329,0.14858
,88,53499.9,186.9,0.001211086,0.00745,0.02124,0.07364,0.03973,,88,53499.9,186.9,0.000630557,0.00023,-0.00309,-0.01348,-0.00628,,88,53499.9,186.9,-6.13498,-0.05544,-0.08826,-0.1343,,88,53499.9,186.9,-4.26207,-0.05544,-0.08826,-0.1343
,89,53561.2,186.7,0.008157341,0.05014,-0.1528,-0.0714,-0.14729,,89,53561.2,186.7,0.002231799,0.00082,0.01663,0.0116,0.02015,,89,53561.2,186.7,-10.58322,0.04505,-0.04857,0.12922,,89,53561.2,186.7,-5.38922,0.04505,-0.04857,0.12922
,90,53712.9,186.2,0.005367854,0.0329,-0.16848,0.00065,-0.06719,,90,53712.9,186.2,0.001653084,0.00061,0.02402,0.00266,0.00476,,90,53712.9,186.2,-14.33006,0.11158,-0.0857,0.17178,,90,53712.9,186.2,-6.29852,0.11158,-0.0857,0.17178
,91,53755.1,186,0.002357738,0.01444,0.10444,0.04577,-0.03792,,91,53755.1,186,0.00096361,0.00035,-0.01497,-0.00727,0.00878,,91,53755.1,186,8.9642,0.20847,-0.18558,-0.1513,,91,53755.1,186,5.96804,0.20847,-0.18558,-0.1513
,92,53801.6,185.9,0.00992259,0.06072,-0.11456,-0.20999,0.05913,,92,53801.6,185.9,0.002517172,0.00093,0.01164,0.02671,-0.00876,,92,53801.6,185.9,-16.46785,0.11308,0.09944,-0.01851,,92,53801.6,185.9,-7.95049,0.11308,0.09944,-0.01851
,93,53857.1,185.7,0.000801646,0.0049,-0.04083,-0.04894,-0.02895,,93,53857.1,185.7,0.00035058,0.00013,0.00361,0.01043,0.00268,,93,53857.1,185.7,3.43227,0.08994,-0.16967,-0.09151,,93,53857.1,185.7,3.24773,0.08994,-0.16967,-0.09151
,94,53928.2,185.4,0.006656854,0.04064,-0.06063,-0.16799,0.09349,,94,53928.2,185.4,0.001909667,0.0007,0.00679,0.02144,-0.01408,,94,53928.2,185.4,-11.89506,0.15625,0.03417,-0.10715,,94,53928.2,185.4,-6.33508,0.15625,0.03417,-0.10715
,95,53994.7,185.2,0.001232859,0.00752,0.00445,-0.00863,-0.08615,,95,53994.7,185.2,0.000297486,0.00011,0.00022,0.00428,0.00956,,95,53994.7,185.2,5.30085,0.13266,-0.09294,-0.11435,,95,53994.7,185.2,2.80183,0.13266,-0.09294,-0.11435
,96,54048.1,185,0.000771436,0.0047,-0.02465,0.06236,-0.01421,,96,54048.1,185,0.000147948,0.00005,0.00305,-0.00665,0.00107,,96,54048.1,185,1.44533,0.02518,0.04625,-0.05643,,96,54048.1,185,0.55693,0.02518,0.04625,-0.05643
,97,54111.5,184.8,0.001419973,0.00864,0.08479,0.03696,0.00914,,97,54111.5,184.8,0.0004567,0.00017,-0.01138,-0.00577,-0.00246,,97,54111.5,184.8,2.30663,0.16172,-0.18605,-0.21245,,97,54111.5,184.8,0.46917,0.16172,-0.18605,-0.21245
,98,54175.2,184.6,0.000050337,0.00031,-0.01061,-0.01011,0.00955,,98,54175.2,184.6,0.000091372,0.00003,0.00243,0.00491,-0.00195,,98,54175.2,184.6,2.28356,-0.5954,0.74531,0.63448,,98,54175.2,184.6,-1.85538,-0.5954,0.74531,0.63448
,99,54203,184.5,0.002945053,0.01789,0.03379,0.10974,-0.06858,,99,54203,184.5,0.000838862,0.00031,-0.00531,-0.01343,0.01011,,99,54203,184.5,-2.77258,0.27885,-0.32044,-0.28958,,99,54203,184.5,0.19716,0.27885,-0.32044,-0.28958
,100,54218.1,184.4,0.000828422,0.00503,-0.05976,0.02758,-0.02642,,100,54218.1,184.4,0.000279877,0.0001,0.00803,-0.0028,0.0056,,100,54218.1,184.4,12.57853,-0.45785,0.25245,0.28938,,100,54218.1,184.4,5.27677,-0.45785,0.25245,0.28938
,101,54232.7,184.4,0.001746712,0.0106,-0.05544,0.08673,-0.00258,,101,54232.7,184.4,0.00066436,0.00025,0.011,-0.01117,0.00061,,101,54232.7,184.4,-126.47613,2.06419,-1.83135,-1.94177,,101,54232.7,184.4,-80.09589,2.06419,-1.83135,-1.94177
,102,54269.6,184.3,0.0036861,0.02236,0.04901,-0.09065,0.10836,,102,54269.6,184.3,0.001102153,0.00041,-0.00859,0.01161,-0.01415,,102,54269.6,184.3,-1.61149,0.31361,-0.15343,-0.30173,,102,54269.6,184.3,0.39405,0.31361,-0.15343,-0.30173
,103,54278.8,184.2,0.002866589,0.01739,-0.05817,0.05197,0.10631,,103,54278.8,184.2,0.001115514,0.00041,0.00718,-0.01146,-0.0152,,103,54278.8,184.2,-160.19051,1.71486,-1.49006,-1.52943,,103,54278.8,184.2,-100.32419,1.71486,-1.49006,-1.52943
,104,54333.5,184,0.000959252,0.00581,-0.00726,0.06788,-0.03393,,104,54333.5,184,0.00022404,0.00008,0.00023,-0.00892,0.00189,,104,54333.5,184,-5.85889,0.31595,-0.32496,-0.35147,,104,54333.5,184,-4.39284,0.31595,-0.32496,-0.35147
,105,54352.2,184,0.007581125,0.04592,-0.14278,-0.1122,-0.11378,,105,54352.2,184,0.002410914,0.0009,0.01892,0.01796,0.01467,,105,54352.2,184,-23.1222,-0.54495,0.55806,0.56459,,105,54352.2,184,-15.2245,-0.54495,0.55806,0.56459
,106,54385.1,183.9,0.001587213,0.00961,-0.06944,0.00215,-0.06915,,106,54385.1,183.9,0.00048266,0.00018,0.01159,-0.00113,0.00661,,106,54385.1,183.9,-0.71953,0.1877,-0.20683,-0.17284,,106,54385.1,183.9,-2.40885,0.1877,-0.20683,-0.17284
,107,54420.6,183.8,0.011988509,0.07252,0.16027,0.084,0.19945,,107,54420.6,183.8,0.004621263,0.00172,-0.02358,-0.01253,-0.03172,,107,54420.6,183.8,-34.48312,0.31875,-0.28381,-0.50333,,107,54420.6,183.8,-22.82572,0.31875,-0.28381,-0.50333
,108,54435.2,183.7,0.003981551,0.02408,0.13063,0.08273,0.01306,,108,54435.2,183.7,0.00119828,0.00045,-0.01811,-0.01067,-0.00201,,108,54435.2,183.7,-2.46855,-0.02815,-0.02123,0.01517,,108,54435.2,183.7,-1.34186,-0.02815,-0.02123,0.01517
,109,54510,183.5,0.004487948,0.0271,-0.11094,0.07428,-0.09633,,109,54510,183.5,0.001683629,0.00063,0.01851,-0.0108,0.01297,,109,54510,183.5,-13.95809,0.21262,-0.16851,-0.06745,,109,54510,183.5,-9.26254,0.21262,-0.16851,-0.06745
,110,54778.6,182.6,0.002388536,0.01435,0.00894,-0.09145,0.07689,,110,54778.6,182.6,0.000787485,0.00029,-0.0013,0.01219,-0.01203,,110,54778.6,182.6,-2.12914,0.03995,0.02538,-0.03319,,110,54778.6,182.6,-1.24042,0.03995,0.02538,-0.03319
,111,54833.6,182.4,0.051087497,0.30672,0.41921,0.35759,0.05577,,111,54833.6,182.4,0.015299827,0.00573,-0.05712,-0.04922,-0.00689,,111,54833.6,182.4,-32.11132,-0.00507,-0.10779,-0.49203,,111,54833.6,182.4,-16.9596,-0.00507,-0.10779,-0.49203
,112,54839.3,182.4,0.021348316,0.12816,0.24495,0.03559,0.25864,,112,54839.3,182.4,0.006406415,0.0024,-0.03224,-0.01124,-0.03515,,112,54839.3,182.4,15.5846,-0.25072,0.64666,0.27629,,112,54839.3,182.4,16.77807,-0.25072,0.64666,0.27629
,113,54905.7,182.1,0.069429227,0.41629,0.25332,-0.28289,0.52163,,113,54905.7,182.1,0.022156492,0.00831,-0.03579,0.04031,-0.07354,,113,54905.7,182.1,-120.52926,0.00979,0.30028,-0.33202,,113,54905.7,182.1,-68.16414,0.00979,0.30028,-0.33202
,114,54925.4,182.1,0.006928501,0.04153,0.14425,0.14305,0.01606,,114,54925.4,182.1,0.002224681,0.00084,-0.0198,-0.01966,-0.00753,,114,54925.4,182.1,-38.74662,-0.56158,0.00269,-0.0975,,114,54925.4,182.1,-22.22751,-0.56158,0.00269,-0.0975
,115,54949.9,182,0.003071582,0.0184,-0.02758,-0.11993,0.05709,,115,54949.9,182,0.000723779,0.00027,0.00376,0.0131,-0.00928,,115,54949.9,182,4.21769,0.10015,-0.10292,-0.01111,,115,54949.9,182,1.63489,0.10015,-0.10292,-0.01111
,116,54963.6,181.9,0.026766843,0.16032,0.30012,0.0988,0.24594,,116,54963.6,181.9,0.008173614,0.00307,-0.04325,-0.01582,-0.03082,,116,54963.6,181.9,-31.396,-0.03829,0.03357,-0.23754,,116,54963.6,181.9,-15.89969,-0.03829,0.03357,-0.23754
,117,54985.4,181.9,0.028830373,0.17261,0.08345,-0.2928,0.2827,,117,54985.4,181.9,0.009339506,0.00351,-0.01387,0.03941,-0.042,,117,54985.4,181.9,-31.01061,0.08149,0.2539,0.00624,,117,54985.4,181.9,-16.21089,0.08149,0.2539,0.00624
,118,55022.2,181.7,0.085525497,0.51172,0.01914,0.50022,-0.51101,,118,55022.2,181.7,0.028160731,0.01059,0.00139,-0.06908,0.07626,,118,55022.2,181.7,-46.8753,-0.2921,-0.3061,-0.116,,118,55022.2,181.7,-22.36354,-0.2921,-0.3061,-0.116
,119,55046.4,181.7,0.01088625,0.06511,-0.08035,-0.2417,0.01518,,119,55046.4,181.7,0.003027082,0.00114,0.0102,0.03176,-0.00511,,119,55046.4,181.7,6.17251,0.04063,-0.05815,0.15164,,119,55046.4,181.7,4.14922,0.04063,-0.05815,0.15164
,120,55072,181.6,0.01260553,0.07535,-0.14931,-0.01075,-0.2301,,120,55072,181.6,0.004433855,0.00167,0.02456,0.00386,0.03242,,120,55072,181.6,8.85912,-0.14961,-0.02954,0.01679,,120,55072,181.6,6.09372,-0.14961,-0.02954,0.01679
,121,55079.1,181.6,0.060034368,0.35883,0.1628,-0.31182,0.48486,,121,55079.1,181.6,0.020469858,0.00771,-0.02566,0.04407,-0.07145,,121,55079.1,181.6,-74.54106,0.09184,0.04076,-0.33071,,121,55079.1,181.6,-43.33768,0.09184,0.04076,-0.33071
,122,55087.3,181.5,0.13779434,0.82348,0.43043,-0.27702,0.74932,,122,55087.3,181.5,0.045359185,0.01708,-0.06668,0.03418,-0.10706,,122,55087.3,181.5,-70.91008,0.05143,0.183,-0.16262,,122,55087.3,181.5,-38.00892,0.05143,0.183,-0.16262
,123,55096.7,181.5,0.025577118,0.15283,0.31996,0.2246,0.0035,,123,55096.7,181.5,0.009800931,0.00369,-0.04453,-0.04133,-0.00021,,123,55096.7,181.5,64.03529,0.21953,0.29148,0.03449,,123,55096.7,181.5,40.99378,0.21953,0.29148,0.03449
,124,55133.5,181.4,0.536943983,3.20619,1.07379,1.41456,-0.22845,,124,55133.5,181.4,0.179237456,0.06754,-0.14813,-0.20794,0.04854,,124,55133.5,181.4,65.76294,-0.1694,0.18418,-0.26641,,124,55133.5,181.4,49.04925,-0.1694,0.18418,-0.26641
,125,55213.9,181.1,0.057087472,0.34038,-0.43323,-0.09877,-0.37808,,125,55213.9,181.1,0.024927166,0.00941,0.07642,0.02932,0.05202,,125,55213.9,181.1,162.75454,-0.37592,-0.45236,-0.36417,,125,55213.9,181.1,114.19502,-0.37592,-0.45236,-0.36417
,126,55307.9,180.8,0.248429797,1.47874,-0.78779,0.07503,-0.92331,,126,55307.9,180.8,0.085387081,0.03228,0.10975,-0.02131,0.14063,,126,55307.9,180.8,116.80554,0.29327,0.35511,-0.4897,,126,55307.9,180.8,82.77948,0.29327,0.35511,-0.4897
,127,55322.2,180.8,0.046944048,0.27936,-0.41652,-0.29985,-0.12634,,127,55322.2,180.8,0.013791242,0.00521,0.05636,0.03963,0.02163,,127,55322.2,180.8,0.48484,-0.60353,0.67189,0.38695,,127,55322.2,180.8,-1.84329,-0.60353,0.67189,0.38695
,128,55414.5,180.5,0.024532218,0.14574,0.31243,0.11162,0.18886,,128,55414.5,180.5,0.007571401,0.00287,-0.04455,-0.01694,-0.02442,,128,55414.5,180.5,-9.85385,-0.34811,0.2959,0.29033,,128,55414.5,180.5,-6.35867,-0.34811,0.2959,0.29033
,129,55445.1,180.4,0.036854811,0.21883,0.28486,0.37017,0.02568,,129,55445.1,180.4,0.009101939,0.00345,-0.03852,-0.0439,-0.00614,,129,55445.1,180.4,6.35645,-0.34398,0.27652,0.35465,,129,55445.1,180.4,1.98629,-0.34398,0.27652,0.35465
,130,55489.8,180.2,0.124221953,0.73699,-0.67472,-0.19889,-0.49212,,130,55489.8,180.2,0.029183256,0.01107,0.08578,0.03497,0.04987,,130,55489.8,180.2,-18.72281,-0.19343,-0.17978,0.41855,,130,55489.8,180.2,3.7371,-0.19343,-0.17978,0.41855
,131,55530.2,180.1,0.0795764,0.47177,-0.16513,-0.5505,0.3761,,131,55530.2,180.1,0.024428342,0.00927,-0.00144,0.06992,-0.06618,,131,55530.2,180.1,81.55079,0.59183,-0.32092,0.25004,,131,55530.2,180.1,74.23475,0.59183,-0.32092,0.25004
,132,55558.7,180,0.396905274,2.35186,0.13553,-1.00659,1.14902,,132,55558.7,180,0.071907025,0.0273,-0.04009,0.0861,-0.13522,,132,55558.7,180,-413.80546,0.43523,0.82262,-0.09457,,132,55558.7,180,-123.22002,0.43523,0.82262,-0.09457
,133,55598.9,179.9,0.165597147,0.98053,0.75174,0.25493,0.59198,,133,55598.9,179.9,0.016698278,0.00635,-0.06142,-0.03104,-0.04011,,133,55598.9,179.9,-395.09257,-0.65448,0.28865,-0.70886,,133,55598.9,179.9,-111.05863,-0.65448,0.28865,-0.70886
,134,55653.6,179.7,0.052561442,0.31092,0.43252,0.35053,0.03126,,134,55653.6,179.7,0.010206934,0.00388,-0.04913,-0.03744,-0.00814,,134,55653.6,179.7,-49.89081,0.07499,-0.37829,-0.18104,,134,55653.6,179.7,-22.22593,0.07499,-0.37829,-0.18104
,135,55699.6,179.5,0.066707583,0.39427,0.44845,0.05791,0.43568,,135,55699.6,179.5,0.023632757,0.009,-0.05674,0.01069,-0.07525,,135,55699.6,179.5,58.27957,-0.10077,-0.25119,0.42085,,135,55699.6,179.5,53.19949,-0.10077,-0.25119,0.42085
,136,55748.1,179.4,0.035638874,0.21046,0.13107,0.3821,-0.21744,,136,55748.1,179.4,0.006748097,0.00257,-0.01845,-0.04208,0.02145,,136,55748.1,179.4,-32.01264,-0.08772,0.05531,0.3566,,136,55748.1,179.4,-12.88388,-0.08772,0.05531,0.3566
,137,55821.4,179.1,0.028897284,0.17042,0.32795,0.02403,0.24959,,137,55821.4,179.1,0.004502183,0.00172,-0.03599,-0.00565,-0.01975,,137,55821.4,179.1,-73.5532,-0.34427,-0.04143,-0.16874,,137,55821.4,179.1,-29.58122,-0.34427,-0.04143,-0.16874
,138,55841.4,179.1,0.012613674,0.07436,-0.2562,-0.08169,-0.04529,,138,55841.4,179.1,0.003277669,0.00125,0.03351,0.0101,0.00511,,138,55841.4,179.1,39.4291,-0.4371,0.24304,0.18764,,138,55841.4,179.1,20.81253,-0.4371,0.24304,0.18764
,139,55894.5,178.9,0.141499125,0.83341,0.2849,0.7443,-0.44526,,139,55894.5,178.9,0.045287713,0.0173,-0.0493,-0.10734,0.05786,,139,55894.5,178.9,201.48652,0.45832,0.49841,0.16657,,139,55894.5,178.9,123.02432,0.45832,0.49841,0.16657
,140,55900.4,178.9,0.056725037,0.33407,-0.17944,-0.47642,0.27367,,140,55900.4,178.9,0.015353879,0.00587,0.0288,0.06423,-0.03018,,140,55900.4,178.9,78.69722,-0.40826,-0.30123,-0.18213,,140,55900.4,178.9,47.40264,-0.40826,-0.30123,-0.18213
,141,55904.3,178.9,0.379767491,2.23639,1.12986,0.32711,0.92348,,141,55904.3,178.9,0.098666407,0.0377,-0.14093,-0.02596,-0.13101,,141,55904.3,178.9,304.20866,0.08847,-0.50932,0.7709,,141,55904.3,178.9,185.53339,0.08847,-0.50932,0.7709
,142,55942.6,178.8,0.110391536,0.64963,-0.34992,-0.70202,0.18535,,142,55942.6,178.8,0.033720327,0.01289,0.05226,0.09846,-0.0216,,142,55942.6,178.8,113.13891,-0.23734,-0.24246,-0.07167,,142,55942.6,178.8,64.2359,-0.23734,-0.24246,-0.07167
,143,55962.2,178.7,0.101759882,0.59863,0.08327,0.56527,-0.52169,,143,55962.2,178.7,0.021358139,0.00817,-0.02894,-0.07031,0.04887,,143,55962.2,178.7,-23.72652,0.4271,0.15789,0.33572,,143,55962.2,178.7,13.04662,0.4271,0.15789,0.33572
,144,56007,178.5,0.062211186,0.36568,0.20681,-0.33801,0.45679,,144,56007,178.5,0.019689815,0.00754,-0.01554,0.05915,-0.06162,,144,56007,178.5,59.41134,-0.08528,-0.24896,0.13026,,144,56007,178.5,39.58622,-0.08528,-0.24896,0.13026
,145,56049.9,178.4,0.010551337,0.06197,0.23571,0.07802,0.01812,,145,56049.9,178.4,0.003397348,0.0013,-0.03465,-0.00994,-0.00132,,145,56049.9,178.4,12.06514,0.11005,0.00385,-0.03576,,145,56049.9,178.4,7.02346,0.11005,0.00385,-0.03576
,146,56082.3,178.3,0.000842653,0.00495,-0.00667,0.0347,-0.06081,,146,56082.3,178.3,0.000041665,0.00002,-0.00038,0.00044,0.00395,,146,56082.3,178.3,-0.68457,0.08007,0.01518,0.02375,,146,56082.3,178.3,-0.1295,0.08007,0.01518,0.02375
,147,56122.1,178.2,0.048047905,0.28185,0.2751,0.4259,-0.15742,,147,56122.1,178.2,0.009589881,0.00368,-0.03298,-0.04869,0.01482,,147,56122.1,178.2,-20.10652,0.09907,-0.08455,0.2153,,147,56122.1,178.2,-7.44885,0.09907,-0.08455,0.2153
,148,56202.4,177.9,0.039738227,0.23277,-0.3079,-0.36375,0.07519,,148,56202.4,177.9,0.011799463,0.00453,0.04816,0.04681,-0.00466,,148,56202.4,177.9,30.88336,-0.20475,-0.0234,-0.08044,,148,56202.4,177.9,19.48109,-0.20475,-0.0234,-0.08044
,149,56314,177.6,0.028417323,0.16613,0.13913,0.09598,-0.37089,,149,56314,177.6,0.009994962,0.00385,-0.02386,-0.0183,0.05425,,149,56314,177.6,44.99002,0.24698,-0.1303,-0.19837,,149,56314,177.6,26.21772,0.24698,-0.1303,-0.19837
,150,56428,177.2,0.129055753,0.75294,-0.43522,-0.72745,0.18529,,150,56428,177.2,0.047969391,0.0185,0.08031,0.10906,-0.0125,,150,56428,177.2,105.97956,-0.10707,-0.25355,-0.03372,,150,56428,177.2,65.69929,-0.10707,-0.25355,-0.03372
,151,56519.4,176.9,0.135589386,0.78978,0.4561,-0.28622,0.70698,,151,56519.4,176.9,0.049314169,0.01905,-0.06419,0.05107,-0.111,,151,56519.4,176.9,41.5679,0.12413,0.00374,0.04614,,151,56519.4,176.9,23.61551,0.12413,0.00374,0.04614
,152,56703.1,176.4,0.001515253,0.0088,-0.02056,0.0273,-0.08735,,152,56703.1,176.4,0.000632677,0.00025,0.00619,0.00117,0.01434,,152,56703.1,176.4,-5.18707,0.10775,-0.02899,0.09154,,152,56703.1,176.4,-3.54929,0.10775,-0.02899,0.09154
,153,56731.1,176.3,0.002193017,0.01273,-0.05194,0.00567,-0.09998,,153,56731.1,176.3,0.001477578,0.00057,0.01562,0.0066,0.0169,,153,56731.1,176.3,-4.71285,0.07791,-0.04771,0.0568,,153,56731.1,176.3,-3.39591,0.07791,-0.04771,0.0568
,154,56743.7,176.2,0.000358153,0.00208,-0.03393,0.02732,0.01343,,154,56743.7,176.2,0.0007402,0.00029,0.01643,0.00389,0.00139,,154,56743.7,176.2,0.36962,0.0119,0.02204,0.04362,,154,56743.7,176.2,-0.62372,0.0119,0.02204,0.04362
,155,56787.7,176.1,0.00119738,0.00694,0.01601,0.05034,-0.06443,,155,56787.7,176.1,0.000610153,0.00024,-0.00536,-0.01281,0.00663,,155,56787.7,176.1,-1.79523,0.09875,0.0067,0.08888,,155,56787.7,176.1,0.04679,0.09875,0.0067,0.08888
,156,56812.3,176,0.003784106,0.02193,-0.079,-0.12444,-0.01419,,156,56812.3,176,0.001403362,0.00054,0.01444,0.00721,0.01686,,156,56812.3,176,-7.08108,0.0132,0.13035,-0.15811,,156,56812.3,176,2.79702,0.0132,0.13035,-0.15811
,157,56838.7,175.9,0.008561234,0.04959,0.03536,-0.16357,0.1469,,157,56838.7,175.9,0.005365768,0.00208,0.00604,0.03823,-0.02421,,157,56838.7,175.9,0.49661,-0.08593,-0.06987,-0.04995,,157,56838.7,175.9,3.60667,-0.08593,-0.06987,-0.04995
,158,56870.9,175.8,0.00327035,0.01893,0.13106,0.03544,0.02231,,158,56870.9,175.8,0.00152722,0.00059,-0.02308,-0.00152,-0.00764,,158,56870.9,175.8,1.28081,0.04608,-0.09154,-0.00353,,158,56870.9,175.8,1.63315,0.04608,-0.09154,-0.00353
,159,57385.6,174.3,0.001727114,0.00991,-0.06999,-0.06902,0.01569,,159,57385.6,174.3,0.000957822,0.00038,0.00803,0.01337,-0.01151,,159,57385.6,174.3,-3.88337,0.02463,0.0997,0.02345,,159,57385.6,174.3,-2.27377,0.02463,0.0997,0.02345
,160,57495.5,173.9,0.003172816,0.01817,0.06516,0.11797,0.00189,,160,57495.5,173.9,0.001522187,0.0006,-0.00392,-0.02332,0.00625,,160,57495.5,173.9,-5.43524,-0.09574,-0.04615,0.08187,,160,57495.5,173.9,-3.53206,-0.09574,-0.04615,0.08187
,161,57844.7,172.9,0.055121257,0.31371,0.18157,0.5203,-0.10016,,161,57844.7,172.9,0.006057485,0.00239,-0.00991,-0.04778,0.00375,,161,57844.7,172.9,198.46514,0.37499,0.6134,-0.33671,,161,57844.7,172.9,61.32853,0.37499,0.6134,-0.33671
,162,57915.1,172.7,0.134823995,0.76639,-0.39481,0.27889,-0.72989,,162,57915.1,172.7,0.020842722,0.00825,0.03204,-0.03277,0.07842,,162,57915.1,172.7,328.70151,-0.53564,0.14071,-0.61173,,162,57915.1,172.7,124.60781,-0.53564,0.14071,-0.61173
,163,57955.1,172.5,0.034826373,0.19783,0.36709,0.22483,-0.11191,,163,57955.1,172.5,0.005382556,0.00213,-0.04202,-0.01321,0.01385,,163,57955.1,172.5,97.88123,0.23529,0.52719,-0.02424,,163,57955.1,172.5,30.68542,0.23529,0.52719,-0.02424
,164,58020.6,172.4,0.019150275,0.10866,-0.16534,0.11154,-0.26245,,164,58020.6,172.4,0.003034134,0.0012,0.01843,-0.0192,0.02225,,164,58020.6,172.4,49.67932,-0.2323,0.0309,-0.24203,,164,58020.6,172.4,18.29482,-0.2323,0.0309,-0.24203
,165,58248.2,171.7,0.169359109,0.9572,0.79181,0.2641,0.51038,,165,58248.2,171.7,0.045293933,0.01803,-0.11684,-0.02215,-0.06237,,165,58248.2,171.7,-15.40253,0.01143,-0.05023,-0.05575,,165,58248.2,171.7,-5.78079,0.01143,-0.05023,-0.05575
,166,58292.3,171.5,0.122091853,0.68953,-0.65365,-0.49448,-0.13322,,166,58292.3,171.5,0.031260373,0.01245,0.09495,0.05842,0.00501,,166,58292.3,171.5,32.27297,-0.10202,0.00288,-0.02396,,166,58292.3,171.5,17.10955,-0.10202,0.00288,-0.02396
,167,58335.3,171.4,0.203724458,1.14971,-0.55343,0.22394,-0.89066,,167,58335.3,171.4,0.064401782,0.02568,0.08384,-0.02196,0.13478,,167,58335.3,171.4,-65.08238,0.20228,0.11381,0.05792,,167,58335.3,171.4,-39.49498,0.20228,0.11381,0.05792
,168,58352.9,171.4,0.130635044,0.73701,-0.64799,-0.42911,-0.36466,,168,58352.9,171.4,0.032419801,0.01293,0.07722,0.06608,0.05098,,168,58352.9,171.4,38.27954,-0.06564,0.0018,-0.10813,,168,58352.9,171.4,18.55271,-0.06564,0.0018,-0.10813
,169,58423.6,171.2,0.052568538,0.29622,-0.14485,-0.50811,0.13061,,169,58423.6,171.2,0.023750993,0.00948,-0.00781,0.0964,0.01142,,169,58423.6,171.2,-0.41672,0.08267,-0.04701,-0.09799,,169,58423.6,171.2,11.15299,0.08267,-0.04701,-0.09799
,170,58454.3,171.1,0.001812173,0.01021,-0.03668,-0.09268,0.01648,,170,58454.3,171.1,0.000613588,0.00025,-0.00517,0.0147,0.00153,,170,58454.3,171.1,4.19176,-0.0449,-0.07245,0.03214,,170,58454.3,171.1,1.38758,-0.0449,-0.07245,0.03214
,171,58512.8,170.9,0.078861572,0.4437,0.33558,0.519,-0.24845,,171,58512.8,170.9,0.025696749,0.01028,-0.06577,-0.06126,0.04687,,171,58512.8,170.9,-58.01137,0.00661,-0.17896,0.13036,,171,58512.8,170.9,-29.42426,0.00661,-0.17896,0.13036
,172,58534.2,170.8,0.041198792,0.23171,0.37194,0.30548,0.00727,,172,58534.2,170.8,0.010688531,0.00428,-0.05708,-0.03157,0.00465,,172,58534.2,170.8,-4.38315,0.00346,-0.03487,0.00935,,172,58534.2,170.8,-1.6735,0.00346,-0.03487,0.00935
,173,58554.2,170.8,0.132313066,0.74391,-0.14605,0.46624,-0.71077,,173,58554.2,170.8,0.039517639,0.01581,0.00921,-0.04699,0.11628,,173,58554.2,170.8,-76.87143,0.08796,-0.05292,0.17662,,173,58554.2,170.8,-42.11748,0.08796,-0.05292,0.17662
,174,58581.7,170.7,0.119368017,0.67081,0.43157,-0.17535,0.67366,,174,58581.7,170.7,0.039826915,0.01595,-0.05901,0.02991,-0.10756,,174,58581.7,170.7,-85.04226,-0.19719,-0.02492,-0.14793,,174,58581.7,170.7,-47.33996,-0.19719,-0.02492,-0.14793
,175,58585,170.7,0.490565127,2.75668,0.65721,1.41363,-0.57133,,175,58585,170.7,0.149756845,0.05996,-0.09098,-0.21523,0.07323,,175,58585,170.7,-212.75384,-0.03596,-0.21441,0.21799,,175,58585,170.7,-115.47564,-0.03596,-0.21441,0.21799
,176,58591.6,170.7,0.136130185,0.76488,-0.53172,0.15258,-0.6774,,176,58591.6,170.7,0.047930157,0.01919,0.09054,-0.0307,0.10027,,176,58591.6,170.7,-108.39223,0.22001,0.08047,0.18483,,176,58591.6,170.7,-63.54418,0.22001,0.08047,0.18483
,177,58614,170.6,0.031540241,0.17715,0.2567,0.17788,0.28216,,177,58614,170.6,0.014814632,0.00593,-0.03449,-0.04778,-0.04963,,177,58614,170.6,-15.60953,-0.05142,0.03582,-0.09315,,177,58614,170.6,-8.2695,-0.05142,0.03582,-0.09315
,178,58657.4,170.5,0.011957535,0.06711,-0.18022,-0.02295,-0.18468,,178,58657.4,170.5,0.002983193,0.0012,0.02081,0.00303,0.02746,,178,58657.4,170.5,2.08973,0.02775,-0.01473,-0.04925,,178,58657.4,170.5,1.44568,0.02775,-0.01473,-0.04925
,179,58778.8,170.1,0.052764904,0.29553,0.42491,-0.10088,0.32374,,179,58778.8,170.1,0.023269898,0.00935,-0.09143,0.0174,-0.02618,,179,58778.8,170.1,-39.42111,-0.04339,0.04295,-0.18796,,179,58778.8,170.1,-16.95985,-0.04339,0.04295,-0.18796
,180,58837,170,0.021639831,0.12108,0.06875,-0.11845,-0.31988,,180,58837,170,0.020989397,0.00844,-0.03703,0.04226,0.07268,,180,58837,170,28.95805,0.16466,-0.13817,-0.10547,,180,58837,170,34.47261,0.16466,-0.13817,-0.10547
,181,59011,169.5,0.055949249,0.31213,-0.3409,-0.43597,0.07645,,181,59011,169.5,0.019569969,0.00789,0.04756,0.07047,-0.02578,,181,59011,169.5,-85.94027,0.21339,0.25213,0.00493,,181,59011,169.5,-48.72646,0.21339,0.25213,0.00493
,182,59042.8,169.4,0.005808786,0.03239,0.12094,-0.1286,-0.03499,,182,59042.8,169.4,0.01899197,0.00766,-0.05697,0.05333,0.03968,,182,59042.8,169.4,6.55501,0.04577,-0.04246,-0.08311,,182,59042.8,169.4,14.31709,0.04577,-0.04246,-0.08311
,183,59130.6,169.1,0.001106268,0.00616,-0.06572,-0.04146,-0.011,,183,59130.6,169.1,0.000790993,0.00032,0.01669,0.00213,-0.00604,,183,59130.6,169.1,-0.43291,-0.00982,0.03852,-0.00304,,183,59130.6,169.1,0.11076,-0.00982,0.03852,-0.00304
,184,59265.3,168.7,0.00033042,0.00184,-0.03167,-0.02174,0.01897,,184,59265.3,168.7,0.000145499,0.00006,0.00434,0.00571,-0.00273,,184,59265.3,168.7,-0.15338,-0.01449,0.00468,-0.03598,,184,59265.3,168.7,-0.10828,-0.01449,0.00468,-0.03598
,185,59683.9,167.5,0.002292015,0.01264,-0.0449,0.09179,0.04691,,185,59683.9,167.5,0.000410749,0.00017,0.00606,-0.0105,-0.00453,,185,59683.9,167.5,-4.95349,0.05933,-0.07339,-0.0236,,185,59683.9,167.5,-2.14486,0.05933,-0.07339,-0.0236
,186,59704,167.5,0.007690511,0.04241,0.05863,0.03489,-0.1943,,186,59704,167.5,0.001617207,0.00066,-0.00372,-0.00143,0.02538,,186,59704,167.5,14.56207,-0.1245,0.11102,-0.1766,,186,59704,167.5,7.23956,-0.1245,0.11102,-0.1766
,187,59862.5,167,0.002703354,0.01487,-0.0238,-0.07486,-0.09325,,187,59862.5,167,0.000522596,0.00021,0.0025,0.01306,0.00607,,187,59862.5,167,10.93443,-0.1879,-0.20116,-0.03927,,187,59862.5,167,5.76671,-0.1879,-0.20116,-0.03927
,188,59880.3,167,0.004269554,0.02347,0.14576,-0.03088,-0.03569,,188,59880.3,167,0.000644237,0.00026,-0.01539,0.00058,0.00514,,188,59880.3,167,4.69475,0.11304,0.12795,0.07197,,188,59880.3,167,2.23822,0.11304,0.12795,0.07197
,189,60061.7,166.5,0.01719904,0.09427,0.19807,-0.21603,-0.0915,,189,60061.7,166.5,0.002221457,0.00091,-0.02069,0.02129,0.00553,,189,60061.7,166.5,12.0837,0.03993,-0.14776,0.15516,,189,60061.7,166.5,5.36215,0.03993,-0.14776,0.15516
,190,60084.9,166.4,0.004262393,0.02335,-0.09191,-0.07912,0.09299,,190,60084.9,166.4,0.00173595,0.00071,0.01533,0.01634,-0.01453,,190,60084.9,166.4,22.32249,0.03584,-0.21115,0.36496,,190,60084.9,166.4,14.12309,0.03584,-0.21115,0.36496
,191,60191.7,166.1,0.015336857,0.08388,0.1238,-0.14992,-0.21466,,191,60191.7,166.1,0.00216014,0.00089,-0.00143,0.00931,0.02828,,191,60191.7,166.1,20.26966,-0.15375,-0.24937,-0.1148,,191,60191.7,166.1,9.1941,-0.15375,-0.24937,-0.1148
,192,60231.5,166,0.027271877,0.14906,0.28094,-0.21564,-0.15374,,192,60231.5,166,0.002516399,0.00104,-0.02777,0.01619,-0.00166,,192,60231.5,166,32.21466,0.29254,0.08076,-0.02317,,192,60231.5,166,11.64064,0.29254,0.08076,-0.02317
,193,60315.6,165.8,0.004769983,0.02604,-0.07189,0.05422,0.13389,,193,60315.6,165.8,0.000362819,0.00015,-0.01196,-0.00255,-0.00028,,193,60315.6,165.8,1.15585,-0.0117,-0.1801,0.08497,,193,60315.6,165.8,-0.98664,-0.0117,-0.1801,0.08497
,194,60347.3,165.7,0.023270624,0.12695,-0.14996,0.22562,0.23142,,194,60347.3,165.7,0.000979673,0.0004,-0.01425,0.00217,0.01401,,194,60347.3,165.7,-6.57935,0.18543,-0.04349,0.10225,,194,60347.3,165.7,2.2377,0.18543,-0.04349,0.10225
,195,60374.9,165.6,0.010284776,0.05608,-0.15379,0.13217,0.12231,,195,60374.9,165.6,0.00009756,0.00004,0.0043,-0.00267,0.00383,,195,60374.9,165.6,9.1989,-0.11617,-0.05632,0.07432,,195,60374.9,165.6,0.11054,-0.11617,-0.05632,0.07432
,196,60378.7,165.6,0.010391833,0.05666,0.17604,-0.0813,-0.13807,,196,60378.7,165.6,0.001338701,0.00055,0.00956,-0.01816,-0.01146,,196,60378.7,165.6,-15.30845,-0.03246,0.18283,0.08614,,196,60378.7,165.6,7.91272,-0.03246,0.18283,0.08614
,197,60392.9,165.6,0.001240299,0.00676,-0.00579,-0.01907,0.07977,,197,60392.9,165.6,0.001548848,0.00064,-0.0185,-0.00317,-0.01694,,197,60392.9,165.6,-2.73192,-0.18816,-0.08318,-0.10617,,197,60392.9,165.6,-9.49697,-0.18816,-0.08318,-0.10617
,198,60403.3,165.6,0.013450718,0.07331,0.19785,-0.06068,-0.17459,,198,60403.3,165.6,0.000389732,0.00016,-0.01107,-0.00346,0.00512,,198,60403.3,165.6,6.78883,-0.02239,-0.17415,-0.04732,,198,60403.3,165.6,-1.04231,-0.02239,-0.17415,-0.04732
,199,60425.7,165.5,0.000259762,0.00142,-0.01338,0.02329,0.02634,,199,60425.7,165.5,0.000495658,0.0002,-0.00691,-0.00556,0.01123,,199,60425.7,165.5,1.54223,0.02366,0.01358,0.12423,,199,60425.7,165.5,-1.97907,0.02366,0.01358,0.12423
,200,60444.4,165.4,0.000711253,0.00387,-0.05436,0.0277,0.01233,,200,60444.4,165.4,0.000103687,0.00004,0.00075,0.00571,0.00312,,200,60444.4,165.4,-3.37327,0.08359,-0.02991,-0.14466,,200,60444.4,165.4,0.95705,0.08359,-0.02991,-0.14466
,201,60450.9,165.4,0.021339558,0.11621,-0.15403,0.15269,0.26301,,201,60450.9,165.4,0.001318433,0.00054,-0.01607,0.01677,-0.00235,,201,60450.9,165.4,-15.49981,-0.04928,0.02616,-0.16905,,201,60450.9,165.4,-2.78717,-0.04928,0.02616,-0.16905
,202,60471.2,165.4,0.038635347,0.21034,-0.31241,0.28126,0.18338,,202,60471.2,165.4,0.001292312,0.00053,-0.01091,0.01398,0.01482,,202,60471.2,165.4,45.55303,-0.09254,0.17493,0.10095,,202,60471.2,165.4,-8.47181,-0.09254,0.17493,0.10095
,203,60526.6,165.2,0.007076365,0.03849,0.04984,0.0863,0.16899,,203,60526.6,165.2,0.00135458,0.00056,-0.00188,-0.00881,-0.02189,,203,60526.6,165.2,-8.30142,-0.22107,0.07671,-0.07818,,203,60526.6,165.2,-2.47978,-0.22107,0.07671,-0.07818
,204,60587.1,165.1,0.003479313,0.01891,-0.11503,-0.07526,0.00316,,204,60587.1,165.1,0.000577522,0.00024,0.01545,-0.00059,-0.00026,,204,60587.1,165.1,-1.17061,-0.01343,0.04808,-0.12942,,204,60587.1,165.1,0.3455,-0.01343,0.04808,-0.12942
,205,60626.5,164.9,0.002125402,0.01154,0.02121,0.07425,0.07469,,205,60626.5,164.9,0.000760384,0.00032,-0.00171,-0.00945,-0.01493,,205,60626.5,164.9,3.18813,0.06198,0.06899,0.00436,,205,60626.5,164.9,1.40535,0.06198,0.06899,0.00436
,206,60700.7,164.7,0.001632129,0.00885,-0.04905,0.00917,0.07976,,206,60700.7,164.7,0.000942082,0.00039,0.01605,-0.00725,-0.00897,,206,60700.7,164.7,4.49049,0.07331,-0.01734,0.16649,,206,60700.7,164.7,0.32646,0.07331,-0.01734,0.16649
,207,60746.8,164.6,0.004499127,0.02438,-0.13753,0.07168,0.01821,,207,60746.8,164.6,0.001182746,0.00049,0.01491,-0.01575,-0.00455,,207,60746.8,164.6,6.18265,-0.1352,-0.09855,0.087,,207,60746.8,164.6,1.46319,-0.1352,-0.09855,0.087
,208,60782.2,164.5,0.003647855,0.01976,-0.04231,-0.11357,0.07119,,208,60782.2,164.5,0.000551377,0.00023,-0.00731,0.01272,0.0037,,208,60782.2,164.5,-3.55298,-0.06915,0.10441,0.0196,,208,60782.2,164.5,-3.24579,-0.06915,0.10441,0.0196
,209,60808.7,164.5,0.002366378,0.01281,0.10071,0.01294,-0.05002,,209,60808.7,164.5,0.000263799,0.00011,-0.00957,0.00252,-0.00342,,209,60808.7,164.5,5.02992,0.13849,-0.10026,0.0396,,209,60808.7,164.5,2.91515,0.13849,-0.10026,0.0396
,210,60900.7,164.2,0.004115886,0.02225,-0.04991,-0.12063,0.07216,,210,60900.7,164.2,0.000925186,0.00039,0.01627,-0.00463,-0.00995,,210,60900.7,164.2,-0.88674,0.03813,-0.07874,-0.13133,,210,60900.7,164.2,-3.89331,0.03813,-0.07874,-0.13133
,211,60942.6,164.1,0.002522744,0.01363,0.03455,0.05714,-0.09576,,211,60942.6,164.1,0.00189723,0.00079,-0.01763,-0.00092,0.02188,,211,60942.6,164.1,8.93627,-0.0521,0.09431,-0.16047,,211,60942.6,164.1,4.54961,-0.0521,0.09431,-0.16047
,212,61011.9,163.9,0.000936068,0.00505,0.03981,-0.00237,-0.05883,,212,61011.9,163.9,0.000211244,0.00009,-0.00927,0.0011,-0.00101,,212,61011.9,163.9,0.53485,-0.19157,-0.05908,-0.14653,,212,61011.9,163.9,-3.14985,-0.19157,-0.05908,-0.14653
,213,61039.3,163.8,0.009053385,0.04883,0.03355,0.17755,0.12719,,213,61039.3,163.8,0.002094491,0.00087,0.00218,-0.02379,-0.01741,,213,61039.3,163.8,12.45362,0.07852,0.09464,0.05487,,213,61039.3,163.8,5.14552,0.07852,0.09464,0.05487
,214,61085.8,163.7,0.009166411,0.0494,-0.12836,0.09683,-0.15346,,214,61085.8,163.7,0.001459376,0.00061,0.01018,-0.01912,0.01184,,214,61085.8,163.7,-2.05436,0.05622,0.04877,0.01214,,214,61085.8,163.7,0.36631,0.05622,0.04877,0.01214
,215,61102.4,163.7,0.00388664,0.02094,-0.11207,-0.07022,-0.05874,,215,61102.4,163.7,0.000943284,0.00039,0.01603,0.00591,0.0101,,215,61102.4,163.7,-8.15094,0.01655,0.28033,-0.07237,,215,61102.4,163.7,-2.01871,0.01655,0.28033,-0.07237
,216,61112.6,163.6,0.001840213,0.00991,0.067,-0.03387,0.0654,,216,61112.6,163.6,0.00050948,0.00021,0.00546,0.0127,-0.00467,,216,61112.6,163.6,-2.93676,-0.04641,-0.03908,-0.06794,,216,61112.6,163.6,0.7314,-0.04641,-0.03908,-0.06794
,217,61160.7,163.5,0.003868454,0.02082,-0.01728,0.0272,-0.14066,,217,61160.7,163.5,0.000876539,0.00037,0.00019,-0.0048,0.01853,,217,61160.7,163.5,15.8294,0.27336,0.26254,-0.22151,,217,61160.7,163.5,8.98668,0.27336,0.26254,-0.22151
,218,61196.2,163.4,0.003483777,0.01874,0.07882,0.04808,-0.10108,,218,61196.2,163.4,0.001980792,0.00083,-0.01568,-0.00371,0.02385,,218,61196.2,163.4,9.31616,0.16195,0.20392,0.02779,,218,61196.2,163.4,4.45168,0.16195,0.20392,0.02779
,219,61232.8,163.3,0.009046248,0.04864,-0.01635,0.04999,-0.21417,,219,61232.8,163.3,0.003424204,0.00143,-0.00368,0.00001,0.03768,,219,61232.8,163.3,24.86202,0.09619,0.27044,-0.19045,,219,61232.8,163.3,12.71826,0.09619,0.27044,-0.19045
,220,61238.4,163.3,0.021970628,0.11811,-0.03341,0.22166,-0.2605,,220,61238.4,163.3,0.008623076,0.00361,0.00028,-0.04465,0.04019,,220,61238.4,163.3,19.22674,0.36063,0.29392,0.04729,,220,61238.4,163.3,18.78852,0.36063,0.29392,0.04729
,221,61292.8,163.2,0.015123026,0.08123,-0.0782,-0.19085,-0.19669,,221,61292.8,163.2,0.006149578,0.00258,0.00821,0.02689,0.04226,,221,61292.8,163.2,39.46378,-0.09089,-0.07177,-0.31979,,221,61292.8,163.2,27.3302,-0.09089,-0.07177,-0.31979
,222,61327.7,163.1,0.072604786,0.38975,-0.46702,0.06842,-0.4086,,222,61327.7,163.1,0.025562693,0.01071,0.07402,-0.02613,0.06747,,222,61327.7,163.1,220.17698,-0.28955,0.55236,-0.71953,,222,61327.7,163.1,142.42181,-0.28955,0.55236,-0.71953
,223,61355.9,163,0.110043403,0.59045,-0.43869,-0.61503,0.14049,,223,61355.9,163,0.037152554,0.01558,0.07854,0.09701,-0.00127,,223,61355.9,163,283.93421,-0.69701,-0.53557,-0.23421,,223,61355.9,163,179.42638,-0.69701,-0.53557,-0.23421
,224,61412.9,162.8,0.050625608,0.27139,-0.04306,0.33586,-0.39589,,224,61412.9,162.8,0.017204909,0.00722,-0.00449,-0.05874,0.06125,,224,61412.9,162.8,84.08102,-0.00522,0.39686,-0.11324,,224,61412.9,162.8,50.91999,-0.00522,0.39686,-0.11324
,225,61446.5,162.7,0.017556386,0.09406,-0.22185,-0.21055,0.02264,,225,61446.5,162.7,0.005939299,0.00249,0.04215,0.02658,0.0033,,225,61446.5,162.7,22.99708,-0.12046,-0.12988,-0.23367,,225,61446.5,162.7,15.66405,-0.12046,-0.12988,-0.23367
,226,61457.4,162.7,0.004487512,0.02404,0.14212,0.06193,-0.00227,,226,61457.4,162.7,0.002302553,0.00097,-0.02802,-0.00393,0.01291,,226,61457.4,162.7,11.81067,0.16972,0.0239,0.24208,,226,61457.4,162.7,2.90515,0.16972,0.0239,0.24208
,227,61498.9,162.6,0.02258867,0.12092,-0.15693,0.09002,-0.29697,,227,61498.9,162.6,0.007883906,0.00331,0.01785,-0.01795,0.0517,,227,61498.9,162.6,54.54503,-0.27989,0.22455,-0.17362,,227,61498.9,162.6,30.29032,-0.27989,0.22455,-0.17362
,228,61542.4,162.5,0.033193782,0.17757,0.31149,0.16584,0.2303,,228,61542.4,162.5,0.012075654,0.00508,-0.04629,-0.02394,-0.04861,,228,61542.4,162.5,53.68454,0.23679,0.09568,0.10528,,228,61542.4,162.5,30.88533,0.23679,0.09568,0.10528
,229,61562.1,162.4,0.01501142,0.08028,-0.01138,-0.21321,0.18625,,229,61562.1,162.4,0.007889089,0.00332,0.0129,0.03301,-0.04542,,229,61562.1,162.4,10.44174,-0.58808,0.37759,0.51523,,229,61562.1,162.4,31.1317,-0.58808,0.37759,0.51523
,230,61568.6,162.4,0.001269999,0.00679,-0.047,0.00292,-0.06763,,230,61568.6,162.4,0.000671305,0.00028,0.01027,-0.00351,0.01283,,230,61568.6,162.4,-5.856,-0.18075,0.05142,0.3115,,230,61568.6,162.4,-3.29531,-0.18075,0.05142,0.3115
,231,61643.4,162.2,0.014138446,0.07551,-0.07793,0.16277,-0.20722,,231,61643.4,162.2,0.008003689,0.00337,0.02469,-0.04231,0.03118,,231,61643.4,162.2,-15.37517,-0.07695,0.12842,0.28719,,231,61643.4,162.2,-2.72068,-0.07695,0.12842,0.28719
,232,61656.1,162.2,0.001152537,0.00615,0.07152,0.02951,0.01298,,232,61656.1,162.2,0.000668792,0.00028,-0.01678,-0.00022,0.00026,,232,61656.1,162.2,6.13426,0.24677,-0.06152,-0.21737,,232,61656.1,162.2,7.02326,0.24677,-0.06152,-0.21737
,233,61699.1,162.1,0.003079228,0.01643,0.06624,-0.10155,0.04158,,233,61699.1,162.1,0.002960088,0.00125,-0.01895,0.0286,0.00844,,233,61699.1,162.1,19.30094,0.28923,-0.29024,-0.18506,,233,61699.1,162.1,25.73051,0.28923,-0.29024,-0.18506
,234,61719.4,162,0.005731985,0.03057,-0.08736,-0.12561,0.08466,,234,61719.4,162,0.003093382,0.0013,0.02646,0.01631,-0.0184,,234,61719.4,162,5.74546,-0.20433,0.184,0.20611,,234,61719.4,162,10.38924,-0.20433,0.184,0.20611
,235,61795.2,161.8,0.005306506,0.02827,0.1396,-0.04107,0.08423,,235,61795.2,161.8,0.003304529,0.0014,-0.03526,0.0117,-0.00391,,235,61795.2,161.8,4.1823,0.1454,-0.0352,-0.15283,,235,61795.2,161.8,8.27365,0.1454,-0.0352,-0.15283
,236,61835.4,161.7,0.002917699,0.01553,-0.01264,0.09623,-0.07819,,236,61835.4,161.7,0.00074036,0.00031,0.00575,-0.01555,0.00616,,236,61835.4,161.7,2.24807,-0.01128,0.06037,0.01514,,236,61835.4,161.7,1.52365,-0.01128,0.06037,0.01514
,237,61846.5,161.7,0.004942673,0.02631,-0.05357,0.11602,-0.0999,,237,61846.5,161.7,0.001594486,0.00067,0.01515,-0.01527,0.01454,,237,61846.5,161.7,-0.6015,0.04061,0.04049,0.03803,,237,61846.5,161.7,-0.92015,0.04061,0.04049,0.03803
,238,61909,161.5,0.003797077,0.02019,-0.07338,-0.06209,0.10465,,238,61909,161.5,0.002758416,0.00117,0.02243,0.00078,-0.02576,,238,61909,161.5,10.74463,-0.24726,0.27047,0.20486,,238,61909,161.5,17.73388,-0.24726,0.27047,0.20486
,239,61922.8,161.5,0.008576783,0.0456,-0.13306,-0.12453,-0.11129,,239,61922.8,161.5,0.006572891,0.00278,0.02184,0.03558,0.03223,,239,61922.8,161.5,-10.17219,0.12757,0.14389,-0.11966,,239,61922.8,161.5,-6.76698,0.12757,0.14389,-0.11966
,240,61930.7,161.5,0.008708209,0.04629,0.19912,0.0216,0.07859,,240,61930.7,161.5,0.005909799,0.0025,-0.04975,0.00344,-0.00384,,240,61930.7,161.5,0.44347,0.00478,-0.08962,0.02449,,240,61930.7,161.5,1.07023,0.00478,-0.08962,0.02449
,241,61998.2,161.3,0.020688112,0.10985,0.15927,0.28104,-0.0742,,241,61998.2,161.3,0.006539506,0.00277,-0.02206,-0.04767,0.00341,,241,61998.2,161.3,-11.27263,-0.05932,-0.03478,0.0632,,241,61998.2,161.3,-5.31042,-0.05932,-0.03478,0.0632
,242,62003,161.3,0.009622679,0.05109,0.16041,-0.00718,0.15909,,242,62003,161.3,0.002374967,0.00101,-0.02583,0.00505,-0.01772,,242,62003,161.3,-5.58677,0.003,-0.03794,-0.07923,,242,62003,161.3,-1.89361,0.003,-0.03794,-0.07923
,243,62106.4,161,0.042329935,0.22438,-0.08168,-0.37758,0.27412,,243,62106.4,161,0.011842637,0.00503,0.01228,0.05523,-0.04273,,243,62106.4,161,-20.1496,-0.01482,0.08083,-0.049,,243,62106.4,161,-10.62177,-0.01482,0.08083,-0.049
,244,62147.1,160.9,0.927795213,4.91481,0.21754,1.68369,-1.42572,,244,62147.1,160.9,0.251736696,0.10692,-0.0254,-0.24326,0.21703,,244,62147.1,160.9,-473.8583,-0.02839,-0.345,0.29322,,244,62147.1,160.9,-246.88689,-0.02839,-0.345,0.29322
,245,62172.5,160.8,0.902701451,4.77993,1.70977,0.95521,0.9717,,245,62172.5,160.8,0.251444525,0.10684,-0.25263,-0.15151,-0.14165,,245,62172.5,160.8,-461.45567,-0.39549,-0.1443,-0.16957,,245,62172.5,160.8,-242.64216,-0.39549,-0.1443,-0.16957
,246,62238,160.7,0.040737172,0.21548,0.3235,0.07933,0.32332,,246,62238,160.7,0.010947446,0.00466,-0.05294,-0.01085,-0.04167,,246,62238,160.7,-19.86559,-0.00466,-0.07321,-0.1077,,246,62238,160.7,-9.1916,-0.00466,-0.07321,-0.1077
,247,62270.7,160.6,0.141119459,0.74607,0.23057,-0.54891,0.62578,,247,62270.7,160.6,0.041278092,0.01757,-0.03396,0.0769,-0.10247,,247,62270.7,160.6,-67.85565,-0.11272,0.12113,-0.08222,,247,62270.7,160.6,-35.83847,-0.11272,0.12113,-0.08222
,248,62303.8,160.5,0.075688168,0.39993,0.17576,-0.2623,0.54794,,248,62303.8,160.5,0.019769124,0.00842,-0.02541,0.0371,-0.07998,,248,62303.8,160.5,-35.33469,-0.08458,0.00105,-0.10915,,248,62303.8,160.5,-18.13092,-0.08458,0.00105,-0.10915
,249,62325.1,160.4,0.279381782,1.47574,0.57537,-0.368,1.00463,,249,62325.1,160.4,0.076086902,0.03241,-0.07853,0.06144,-0.14989,,249,62325.1,160.4,-61.8487,-0.16202,-0.11423,-0.07963,,249,62325.1,160.4,-29.29074,-0.16202,-0.11423,-0.07963
,250,62356.8,160.4,0.00471479,0.02489,0.03035,-0.11628,0.10222,,250,62356.8,160.4,0.001863956,0.00079,-0.00607,0.02092,-0.01789,,250,62356.8,160.4,0.20049,-0.06918,-0.02896,-0.00825,,250,62356.8,160.4,0.06342,-0.06918,-0.02896,-0.00825
,251,62361.5,160.4,0.357003128,1.88465,0.8487,1.07163,-0.12639,,251,62361.5,160.4,0.10110359,0.04309,-0.12807,-0.16225,0.01909,,251,62361.5,160.4,-19.04433,0.00627,-0.03281,0.08348,,251,62361.5,160.4,-10.14573,0.00627,-0.03281,0.08348
,252,62406.2,160.2,0.148462567,0.78319,-0.66219,-0.17463,-0.56053,,252,62406.2,160.2,0.043005457,0.01834,0.09891,0.01451,0.09137,,252,62406.2,160.2,24.0216,-0.03154,0.11534,-0.08957,,252,62406.2,160.2,15.96688,-0.03154,0.11534,-0.08957
,253,62503.5,160,0.021096193,0.11112,0.26959,0.15355,0.12189,,253,62503.5,160,0.009841902,0.0042,-0.03768,-0.05239,0.00628,,253,62503.5,160,50.84363,0.19192,0.41793,-0.06617,,253,62503.5,160,48.90803,0.19192,0.41793,-0.06617
,254,62552.7,159.9,0.017407426,0.09161,0.20009,-0.06566,0.21741,,254,62552.7,159.9,0.010161494,0.00434,-0.05428,-0.00417,-0.03715,,254,62552.7,159.9,21.68132,0.13376,0.00345,0.08947,,254,62552.7,159.9,17.53232,0.13376,0.00345,0.08947
,255,62576,159.8,0.055905109,0.29412,-0.27873,0.10372,-0.45351,,255,62576,159.8,0.027471814,0.01175,0.06889,-0.00804,0.0833,,255,62576,159.8,48.74821,-0.0623,0.15755,-0.15368,,255,62576,159.8,30.35757,-0.0623,0.15755,-0.15368
,256,62610.2,159.7,0.013757466,0.07234,0.18315,-0.06814,0.1848,,256,62610.2,159.7,0.00415112,0.00178,-0.02173,0.01603,-0.03236,,256,62610.2,159.7,36.97972,0.15435,-0.09549,0.23627,,256,62610.2,159.7,20.70776,0.15435,-0.09549,0.23627
,257,62621.7,159.7,0.010702924,0.05627,0.20953,-0.07166,0.08502,,257,62621.7,159.7,0.003331423,0.00143,-0.02879,0.02417,0.0036,,257,62621.7,159.7,-0.15324,0.03564,-0.20283,-0.26261,,257,62621.7,159.7,11.35525,0.03564,-0.20283,-0.26261
,258,62671.4,159.6,0.001240595,0.00652,0.04573,0.06564,-0.0108,,258,62671.4,159.6,0.000073677,0.00003,0.00317,0.00348,0.00306,,258,62671.4,159.6,1.05829,0.17011,-0.05364,0.18648,,258,62671.4,159.6,-1.52491,0.17011,-0.05364,0.18648
,259,62699.2,159.5,0.069676503,0.36585,-0.43623,-0.09104,-0.40897,,259,62699.2,159.5,0.002916302,0.00125,0.02195,0.01602,0.02261,,259,62699.2,159.5,-25.55347,0.11863,-0.06759,0.02104,,259,62699.2,159.5,-3.29472,0.11863,-0.06759,0.02104
,260,62752.9,159.4,0.005492439,0.02881,0.08737,0.12525,-0.07411,,260,62752.9,159.4,0.003613729,0.00155,-0.00863,-0.03053,0.02331,,260,62752.9,159.4,-8.09453,-0.07643,-0.0568,0.04558,,260,62752.9,159.4,-5.69882,-0.07643,-0.0568,0.04558
,261,62786,159.3,0.012287322,0.06443,-0.14201,0.0097,-0.21016,,261,62786,159.3,0.002485623,0.00107,0.01757,0.02699,-0.00541,,261,62786,159.3,2.04406,-0.00227,-0.01377,-0.01973,,261,62786,159.3,0.50215,-0.00227,-0.01377,-0.01973
,262,62801.4,159.2,0.030003325,0.15728,0.0908,0.32143,-0.21382,,262,62801.4,159.2,0.000519681,0.00022,0.00767,0.00171,0.0127,,262,62801.4,159.2,15.68395,-0.04742,0.0196,-0.14627,,262,62801.4,159.2,3.60513,-0.04742,0.0196,-0.14627
,263,62912.1,159,0.006633212,0.03471,0.01863,0.1838,0.02412,,263,62912.1,159,0.001753424,0.00075,0.00259,0.008,-0.02614,,263,62912.1,159,-2.65032,-0.09941,-0.01907,-0.01094,,263,62912.1,159,0.20425,-0.09941,-0.01907,-0.01094
,264,62925.7,158.9,0.02149881,0.11248,-0.09933,-0.29232,0.13099,,264,62925.7,158.9,0.005270255,0.00227,0.01648,0.03689,-0.02518,,264,62925.7,158.9,-17.58982,-0.15231,0.17316,-0.0139,,264,62925.7,158.9,-6.95334,-0.15231,0.17316,-0.0139
,265,62941.1,158.9,0.002871555,0.01502,-0.11445,0.04374,-0.00281,,265,62941.1,158.9,0.002053184,0.00088,0.02683,0.01091,0.00665,,265,62941.1,158.9,0.10164,0.01816,0.04136,-0.17258,,265,62941.1,158.9,0.3435,0.01816,0.04136,-0.17258
,266,62981,158.8,0.007028762,0.03674,-0.08762,-0.14971,0.08155,,266,62981,158.8,0.000241775,0.0001,0.0053,0.00871,-0.00033,,266,62981,158.8,-4.37466,0.02797,0.00089,-0.0821,,266,62981,158.8,-0.30108,0.02797,0.00089,-0.0821
,267,62995.1,158.7,0.001638032,0.00856,-0.06535,0.00764,-0.06505,,267,62995.1,158.7,0.007417398,0.00319,0.02415,-0.0085,0.05038,,267,62995.1,158.7,-7.36483,0.21576,0.13104,0.03878,,267,62995.1,158.7,-9.93614,0.21576,0.13104,0.03878
,268,63032.6,158.6,0.018479014,0.09651,-0.08402,0.17412,-0.24318,,268,63032.6,158.6,0.004266851,0.00184,-0.00638,-0.03368,0.02576,,268,63032.6,158.6,-5.68956,-0.05416,0.13883,0.16774,,268,63032.6,158.6,0.01478,-0.05416,0.13883,0.16774
,269,63062.5,158.6,0.000937225,0.00489,0.03608,0.04977,0.03337,,269,63062.5,158.6,0.000805074,0.00035,-0.0098,0.01522,-0.00442,,269,63062.5,158.6,-1.3652,0.04415,-0.04282,-0.07064,,269,63062.5,158.6,1.26674,0.04415,-0.04282,-0.07064
,270,63078.7,158.5,0.002961813,0.01546,-0.04231,-0.05648,-0.10236,,270,63078.7,158.5,0.005040952,0.00217,0.03299,0.02634,0.01978,,270,63078.7,158.5,-4.65253,0.03752,0.13732,0.00513,,270,63078.7,158.5,-8.12955,0.03752,0.13732,0.00513
,271,63121.8,158.4,0.000327435,0.00171,-0.01513,0.03834,0.00297,,271,63121.8,158.4,0.006519481,0.00281,0.04593,0.01716,0.02022,,271,63121.8,158.4,1.74393,-0.05384,0.08505,-0.12683,,271,63121.8,158.4,5.8656,-0.05384,0.08505,-0.12683
,272,63139.1,158.4,0.000506751,0.00264,-0.04857,0.01565,0.00616,,272,63139.1,158.4,0.00050857,0.00022,0.00788,-0.00775,0.00987,,272,63139.1,158.4,-2.39036,0.06477,-0.12361,0.00171,,272,63139.1,158.4,-2.43321,0.06477,-0.12361,0.00171
,273,63171.2,158.3,0.003437929,0.01792,0.04731,-0.02072,-0.12349,,273,63171.2,158.3,0.000986253,0.00043,-0.00168,0.01784,0.01023,,273,63171.2,158.3,5.69424,-0.03999,-0.03803,-0.10675,,273,63171.2,158.3,2.79062,-0.03999,-0.03803,-0.10675
,274,63194.8,158.2,0.0059123,0.0308,-0.07247,-0.15912,0.01517,,274,63194.8,158.2,0.002679142,0.00116,0.00107,0.03205,-0.01135,,274,63194.8,158.2,13.07614,-0.04746,-0.14614,0.06874,,274,63194.8,158.2,9.02983,-0.04746,-0.14614,0.06874
,275,63261.1,158.1,0.003724883,0.01938,0.07459,0.04394,0.10904,,275,63261.1,158.1,0.000410899,0.00018,-0.00529,-0.01217,-0.00126,,275,63261.1,158.1,1.54259,0.05693,-0.14792,0.05067,,275,63261.1,158.1,-2.3479,0.05693,-0.14792,0.05067
,276,63308,158,0.002896939,0.01506,0.12044,-0.00908,0.02183,,276,63308,158,0.000104464,0.00005,-0.00612,-0.00157,0.00229,,276,63308,158,-6.75913,-0.1506,0.12125,0.22454,,276,63308,158,-2.03398,-0.1506,0.12125,0.22454
,277,63383.4,157.8,0.002119685,0.01101,0.06526,-0.04864,0.06622,,277,63383.4,157.8,0.000463027,0.0002,-0.00104,0.01398,0.00199,,277,63383.4,157.8,-5.65148,-0.08678,0.10631,-0.01743,,277,63383.4,157.8,-2.51822,-0.08678,0.10631,-0.01743
,278,63440.8,157.6,0.006303341,0.03271,0.00801,0.1275,-0.12802,,278,63440.8,157.6,0.001850344,0.0008,0.0094,-0.01049,0.02457,,278,63440.8,157.6,-7.97485,-0.14335,0.07064,0.19352,,278,63440.8,157.6,-4.35104,-0.14335,0.07064,0.19352
,279,63460.7,157.6,0.013604039,0.07057,-0.00414,-0.17692,0.19813,,279,63460.7,157.6,0.002432576,0.00106,-0.00875,0.01375,-0.0281,,279,63460.7,157.6,6.22471,-0.13723,0.0661,0.1228,,279,63460.7,157.6,2.18497,-0.13723,0.0661,0.1228
,280,63515.5,157.4,0.00104507,0.00542,-0.0032,-0.02692,-0.06842,,280,63515.5,157.4,0.000430593,0.00019,0.01273,0.00497,-0.00022,,280,63515.5,157.4,5.23327,0.24519,0.07362,-0.20265,,280,63515.5,157.4,-5.75506,0.24519,0.07362,-0.20265
,281,63527,157.4,0.003291659,0.01706,-0.11038,0.04539,0.05305,,281,63527,157.4,0.002855581,0.00124,0.01987,-0.01996,-0.02113,,281,63527,157.4,0.47369,0.06391,0.16272,0.01268,,281,63527,157.4,3.65829,0.06391,0.16272,0.01268
,282,63547.7,157.4,0.006454477,0.03344,-0.17454,-0.01405,-0.05267,,282,63547.7,157.4,0.004242623,0.00184,0.04107,0.01163,-0.00451,,282,63547.7,157.4,-9.83789,0.08978,0.1606,0.05582,,282,63547.7,157.4,-8.63538,0.08978,0.1606,0.05582
,283,63581.3,157.3,0.006262369,0.03243,-0.07565,0.06909,-0.14808,,283,63581.3,157.3,0.003512054,0.00153,0.02332,-0.02095,0.02332,,283,63581.3,157.3,-5.89014,0.13282,-0.02063,0.00689,,283,63581.3,157.3,-6.00455,0.13282,-0.02063,0.00689
,284,63638.2,157.1,0.009394873,0.0486,-0.10908,-0.08066,-0.17377,,284,63638.2,157.1,0.002597509,0.00113,0.01657,0.00369,0.02901,,284,63638.2,157.1,-11.09533,0.06573,0.03481,0.07802,,284,63638.2,157.1,-5.65972,0.06573,0.03481,0.07802
,285,63668.4,157.1,0.000901807,0.00466,-0.01451,-0.06671,-0.00126,,285,63668.4,157.1,0.001570018,0.00068,-0.00879,0.02458,-0.00129,,285,63668.4,157.1,-2.76669,0.03992,0.08336,-0.21639,,285,63668.4,157.1,-3.21193,0.03992,0.08336,-0.21639
,286,63684.6,157,0.001244933,0.00644,0.04297,-0.06692,-0.01052,,286,63684.6,157,0.001974579,0.00086,-0.00222,0.02579,0.01376,,286,63684.6,157,-4.39682,0.19729,0.25529,0.06823,,286,63684.6,157,-11.51223,0.19729,0.25529,0.06823
,287,63722.1,156.9,0.006905726,0.03568,-0.13168,-0.12767,0.04514,,287,63722.1,156.9,0.005547201,0.00242,0.03555,0.03391,-0.00144,,287,63722.1,156.9,-3.82582,0.18557,-0.09113,0.10385,,287,63722.1,156.9,-5.4511,0.18557,-0.09113,0.10385
,288,63776.2,156.8,0.015539694,0.08022,-0.14638,-0.0147,-0.24202,,288,63776.2,156.8,0.00613444,0.00267,0.01118,-0.00507,0.05023,,288,63776.2,156.8,-26.22274,0.28873,-0.10548,0.0616,,288,63776.2,156.8,-11.12614,0.28873,-0.10548,0.0616
,289,63813.2,156.7,0.011640687,0.06005,-0.05619,-0.08094,0.22438,,289,63813.2,156.7,0.011987178,0.00523,0.02596,0.04764,-0.0478,,289,63813.2,156.7,11.01648,-0.02516,0.0468,0.11472,,289,63813.2,156.7,6.33617,-0.02516,0.0468,0.11472
,290,63848.9,156.6,0.008574769,0.04421,0.001,0.07227,0.19745,,290,63848.9,156.6,0.006361151,0.00278,0.02403,-0.0094,-0.04594,,290,63848.9,156.6,-46.48662,0.35955,-0.44182,-0.33948,,290,63848.9,156.6,-46.00004,0.35955,-0.44182,-0.33948
,291,63885.2,156.5,0.015300183,0.07884,0.18487,-0.21033,0.02071,,291,63885.2,156.5,0.009871656,0.00431,-0.01826,0.06129,-0.01482,,291,63885.2,156.5,-6.49039,-0.05195,0.03229,0.12691,,291,63885.2,156.5,-1.69544,-0.05195,0.03229,0.12691
,292,63924.8,156.4,0.016812205,0.08658,-0.01375,0.23874,-0.17146,,292,63924.8,156.4,0.003689632,0.00161,-0.00899,-0.03564,0.01615,,292,63924.8,156.4,14.55179,0.01282,0.22138,0.1272,,292,63924.8,156.4,9.63283,0.01282,0.22138,0.1272
,293,63946.6,156.4,0.03808227,0.19606,-0.36732,-0.22477,-0.10301,,293,63946.6,156.4,0.019215509,0.0084,0.07804,0.03285,0.03506,,293,63946.6,156.4,4.52321,-0.03502,0.00611,0.01843,,293,63946.6,156.4,3.05251,-0.03502,0.00611,0.01843
,294,64006.1,156.2,0.051679604,0.26581,0.38793,0.14948,0.30492,,294,64006.1,156.2,0.023399093,0.01024,-0.07342,-0.01821,-0.06718,,294,64006.1,156.2,25.53566,0.13077,-0.02006,0.0211,,294,64006.1,156.2,17.22272,0.13077,-0.02006,0.0211
,295,64054.7,156.1,0.04022806,0.20675,-0.09066,0.08593,-0.43721,,295,64054.7,156.1,0.012013137,0.00526,0.02237,-0.00905,0.06839,,295,64054.7,156.1,-3.88111,0.12105,-0.08069,-0.02213,,295,64054.7,156.1,-3.10986,0.12105,-0.08069,-0.02213
,296,64062.2,156.1,0.023059651,0.1185,-0.28412,-0.19042,-0.03893,,296,64062.2,156.1,0.006098247,0.00267,0.03603,0.037,-0.00168,,296,64062.2,156.1,-0.9173,0.01403,0.01344,-0.11815,,296,64062.2,156.1,-1.94007,0.01403,0.01344,-0.11815
,297,64082,156.1,0.032886449,0.16895,-0.06041,-0.38314,0.13604,,297,64082,156.1,0.009255793,0.00405,0.00289,0.04846,-0.04119,,297,64082,156.1,-11.02621,0.11713,-0.02257,-0.18348,,297,64082,156.1,-10.984,0.11713,-0.02257,-0.18348
,298,64113.9,156,0.021027141,0.10797,-0.17474,-0.24617,0.12976,,298,64113.9,156,0.008249372,0.00361,0.01648,0.052,-0.02529,,298,64113.9,156,-14.75068,0.01834,0.10123,-0.02438,,298,64113.9,156,-9.97762,0.01834,0.10123,-0.02438
,299,64147.8,155.9,0.03827504,0.19643,0.13754,-0.2473,0.34111,,299,64147.8,155.9,0.005438286,0.00238,-0.02121,0.02906,-0.03302,,299,64147.8,155.9,6.75419,-0.11711,-0.03844,0.06134,,299,64147.8,155.9,1.06265,-0.11711,-0.03844,0.06134
,300,64175.3,155.8,0.014286066,0.07329,0.25386,0.03302,0.08803,,300,64175.3,155.8,0.00251877,0.0011,-0.02842,-0.01676,0.00405,,300,64175.3,155.8,-11.0037,-0.08213,-0.02662,-0.01832,,300,64175.3,155.8,-4.36259,-0.08213,-0.02662,-0.01832
