,State,Energy(cm-1),Wavelength(nm),fosc(ELEC),T2(au^2),TX(au),TY(au),TZ(au) ,,,State,Energy(cm-1),Wavelength(nm),fosc(VELO),T2(au^2),TX(au),TY(au),TZ(au) ,,State,Energy(cm-1),Wavelength(nm),R(ELEC),MX(au),MY(au) ,MZ(au),,,State,Energy(cm-1),Wavelength(nm),R(VELO),MX(au),MY(au) ,MZ(au)
,1,41441.2,241.3,0.230938582,1.83459,0.4875,-0.4171,-1.19288,,,1,41441.2,241.3,0.033117932,0.00938,-0.01085,0.06795,0.06816,,1,41441.2,241.3,180.05477,-0.59161,-0.21994,-0.48504,,,1,41441.2,241.3,103.83585,-0.59161,-0.21994,-0.48504
,2,41859.5,238.9,0.10742583,0.84487,-0.47161,0.75817,0.21825,,,2,41859.5,238.9,0.012980416,0.00371,0.02138,-0.0287,-0.04933,,2,41859.5,238.9,112.71361,0.47839,0.57166,0.14329,,,2,41859.5,238.9,32.74414,0.47839,0.57166,0.14329
,3,42073.4,237.7,0.192312106,1.50479,0.44348,-0.92675,-0.67025,,,3,42073.4,237.7,0.008864842,0.00255,0.01314,0.00478,0.04851,,3,42073.4,237.7,-113.04745,-0.03449,0.15731,0.11742,,,3,42073.4,237.7,-14.74273,-0.03449,0.15731,0.11742
,4,42427.8,235.7,0.106680966,0.82777,0.10175,0.48698,-0.76176,,,4,42427.8,235.7,0.017883198,0.00519,-0.00286,0.05942,-0.04058,,4,42427.8,235.7,-155.92675,0.1387,-0.27968,0.27391,,,4,42427.8,235.7,68.60555,0.1387,-0.27968,0.27391
,5,44242.7,226,0.008305496,0.0618,-0.04856,-0.23805,0.0527,,,5,44242.7,226,0.004429341,0.00134,-0.00003,-0.00655,0.03601,,5,44242.7,226,51.02124,0.12935,-0.38914,0.41501,,,5,44242.7,226,-40.89629,0.12935,-0.38914,0.41501
,6,44646.8,224,0.180405196,1.33025,0.25952,-0.72046,-0.86246,,,6,44646.8,224,0.060995711,0.01861,-0.03901,0.09923,0.08511,,6,44646.8,224,-5.48248,-0.2758,0.23508,-0.26588,,,6,44646.8,224,-26.55407,-0.2758,0.23508,-0.26588
,7,45791.3,218.4,0.388578971,2.79365,0.90601,0.07451,-1.40259,,,7,45791.3,218.4,0.120027487,0.03756,-0.1116,0.03658,0.15418,,7,45791.3,218.4,-548.591,-1.28897,-0.38411,-0.02339,,,7,45791.3,218.4,-285.14453,-1.28897,-0.38411,-0.02339
,8,46235.4,216.3,0.696050068,4.95611,0.54882,-1.86581,1.08335,,,8,46235.4,216.3,0.081283708,0.02569,-0.06249,0.14135,-0.04244,,8,46235.4,216.3,-39.81881,-0.65512,-0.11994,0.04735,,,8,46235.4,216.3,-49.18066,-0.65512,-0.11994,0.04735
,9,46471.7,215.2,0.4855944,3.44002,-0.74231,1.52926,0.74187,,,9,46471.7,215.2,0.069797032,0.02217,0.06304,-0.10282,-0.08731,,9,46471.7,215.2,409.10919,-0.43973,0.42327,-0.14279,,,9,46471.7,215.2,130.86116,-0.43973,0.42327,-0.14279
,10,46866.4,213.4,0.313923049,2.20514,-0.35075,0.15815,1.43426,,,10,46866.4,213.4,0.047982371,0.01537,0.04411,-0.05126,-0.1039,,10,46866.4,213.4,310.91142,0.0671,-0.4202,0.52255,,,10,46866.4,213.4,65.77607,0.0671,-0.4202,0.52255
,11,47375.7,211.1,0.000648974,0.00451,0.03873,0.05408,-0.00927,,,11,47375.7,211.1,0.001826747,0.00059,0.02348,0.00458,0.00439,,11,47375.7,211.1,-5.32468,0.01539,-0.1723,0.27761,,,11,47375.7,211.1,-1.72633,0.01539,-0.1723,0.27761
,12,47392.7,211,0.000640979,0.00445,0.06327,-0.02091,0.00347,,,12,47392.7,211,0.000996849,0.00032,0.01512,0.00462,0.00854,,12,47392.7,211,-5.40919,-0.06445,0.32406,-0.17872,,,12,47392.7,211,2.18978,-0.06445,0.32406,-0.17872
,13,48179.5,207.6,0.000370119,0.00253,0.04748,0.01235,-0.01105,,,13,48179.5,207.6,0.001845826,0.00061,0.02142,0.01199,0.00222,,13,48179.5,207.6,5.29663,0.14016,-0.01526,-0.43147,,,13,48179.5,207.6,-4.00047,0.14016,-0.01526,-0.43147
,14,48214.6,207.4,0.001062277,0.00725,-0.0643,0.05297,0.01771,,,14,48214.6,207.4,0.002670497,0.00088,-0.02064,-0.0066,-0.02026,,14,48214.6,207.4,15.30715,-0.16035,0.35469,0.19039,,,14,48214.6,207.4,6.19276,-0.16035,0.35469,0.19039
,15,49200.6,203.2,0.010836291,0.07251,-0.06252,-0.18668,0.18371,,,15,49200.6,203.2,0.003411415,0.00115,0.01707,0.02049,-0.02088,,15,49200.6,203.2,0.84845,0.16139,-0.07475,-0.01124,,,15,49200.6,203.2,-3.06574,0.16139,-0.07475,-0.01124
,16,49417.6,202.4,0.004976155,0.03315,-0.08773,0.15754,-0.02522,,,16,49417.6,202.4,0.001850334,0.00062,0.01597,-0.01803,0.00669,,16,49417.6,202.4,-0.1534,0.1064,0.04319,-0.08743,,,16,49417.6,202.4,-0.70303,0.1064,0.04319,-0.08743
,17,49783.5,200.9,0.004392622,0.02905,-0.05059,0.16272,0.00315,,,17,49783.5,200.9,0.000402366,0.00014,0.00835,-0.0081,-0.00129,,17,49783.5,200.9,-1.84646,-0.00813,-0.02687,0.01435,,,17,49783.5,200.9,-0.27289,-0.00813,-0.02687,0.01435
,18,50301.9,198.8,0.001253831,0.00821,-0.00531,-0.03518,0.08331,,,18,50301.9,198.8,0.000034054,0.00001,0.00248,0.0023,0.00051,,18,50301.9,198.8,-1.43878,-0.08324,0.08079,-0.00782,,,18,50301.9,198.8,0.05076,-0.08324,0.08079,-0.00782
,19,50570.7,197.7,0.012180941,0.0793,-0.18479,-0.09064,0.19218,,,19,50570.7,197.7,0.004502423,0.00156,0.02742,0.01434,-0.02446,,19,50570.7,197.7,-8.96682,0.12682,-0.07292,-0.01142,,,19,50570.7,197.7,-5.5479,0.12682,-0.07292,-0.01142
,20,50811.7,196.8,0.006941984,0.04498,-0.19159,0.07644,0.0493,,,20,50811.7,196.8,0.002042754,0.00071,0.02552,-0.00762,-0.00004,,20,50811.7,196.8,-1.92761,0.01943,0.01359,-0.02848,,,20,50811.7,196.8,-0.80163,0.01943,0.01359,-0.02848
,21,52360,191,0.000484926,0.00305,0.00673,0.05161,0.01844,,,21,52360,191,0.00081207,0.00029,0.01593,-0.00436,-0.00421,,21,52360,191,3.93641,-0.09346,0.20257,-0.08001,,,21,52360,191,4.02201,-0.09346,0.20257,-0.08001
,22,52526.2,190.4,0.001766203,0.01107,-0.04463,-0.05154,-0.08013,,,22,52526.2,190.4,0.000681533,0.00024,-0.01067,0.00638,0.0095,,22,52526.2,190.4,10.43894,0.06132,0.02638,-0.32743,,,22,52526.2,190.4,7.08296,0.06132,0.02638,-0.32743
,23,52595.8,190.1,0.002533786,0.01586,-0.1147,-0.04174,-0.03103,,,23,52595.8,190.1,0.000138769,0.00005,0.00317,0.00367,-0.00514,,23,52595.8,190.1,-0.04901,0.19385,-0.35084,-0.24128,,,23,52595.8,190.1,-1.11702,0.19385,-0.35084,-0.24128
,24,52598.5,190.1,0.001655842,0.01036,0.07929,0.01794,0.06128,,,24,52598.5,190.1,0.001073286,0.00039,0.0176,-0.00138,0.00861,,24,52598.5,190.1,4.31881,0.03247,-0.32136,0.20156,,,24,52598.5,190.1,-5.4084,0.03247,-0.32136,0.20156
,25,52818.9,189.3,0.005821423,0.03628,-0.16448,-0.07652,-0.05809,,,25,52818.9,189.3,0.000770345,0.00028,-0.01336,-0.0077,0.00634,,25,52818.9,189.3,3.78876,0.06873,-0.31279,0.07906,,,25,52818.9,189.3,-3.90227,0.06873,-0.31279,0.07906
,26,52835.9,189.3,0.001986772,0.01238,-0.10569,0.01736,0.03012,,,26,52835.9,189.3,0.000651568,0.00024,0.01145,-0.00632,-0.00802,,26,52835.9,189.3,-8.88673,0.08063,0.1226,-0.4136,,,26,52835.9,189.3,-6.78301,0.08063,0.1226,-0.4136
,27,52968.9,188.8,0.000714941,0.00444,0.04784,-0.02863,-0.03653,,,27,52968.9,188.8,0.000507938,0.00018,-0.00707,-0.00098,0.01153,,27,52968.9,188.8,-2.24435,-0.02739,0.1489,-0.02226,,,27,52968.9,188.8,0.40894,-0.02739,0.1489,-0.02226
,28,53116.2,188.3,0.004709192,0.02919,-0.00769,-0.16897,-0.02405,,,28,53116.2,188.3,0.000338365,0.00012,-0.00515,0.00902,-0.00386,,28,53116.2,188.3,3.05602,0.20235,-0.04714,-0.00303,,,28,53116.2,188.3,2.83501,0.20235,-0.04714,-0.00303
,29,53347.7,187.4,0.020817605,0.12847,-0.17646,0.30492,0.066,,,29,53347.7,187.4,0.004847736,0.00177,0.01692,-0.03244,-0.02071,,29,53347.7,187.4,5.77335,0.06366,0.08497,-0.03681,,,29,53347.7,187.4,1.77873,0.06366,0.08497,-0.03681
,30,53569.1,186.7,0.016872715,0.10369,-0.06615,0.00714,0.31506,,,30,53569.1,186.7,0.002220527,0.00081,0.0034,-0.00143,-0.02827,,30,53569.1,186.7,21.72413,-0.15251,-0.02889,0.11489,,,30,53569.1,186.7,7.19507,-0.15251,-0.02889,0.11489
,31,54338.3,184,0.003709502,0.02247,-0.09624,0.10475,0.04733,,,31,54338.3,184,0.001768191,0.00066,0.01477,-0.01719,-0.01196,,31,54338.3,184,6.96098,-0.00779,0.23627,-0.22682,,,31,54338.3,184,2.7884,-0.00779,0.23627,-0.22682
,32,54381,183.9,0.002189549,0.01326,-0.03501,-0.10887,-0.01333,,,32,54381,183.9,0.002884573,0.00107,0.02163,0.02152,0.01188,,32,54381,183.9,10.16768,0.14506,-0.22437,-0.16645,,,32,54381,183.9,6.98066,0.14506,-0.22437,-0.16645
,33,54637,183,0.014156097,0.0853,-0.19318,0.20368,0.08057,,,33,54637,183,0.008186988,0.00306,0.03478,-0.0352,-0.02467,,33,54637,183,-1.42092,0.10793,0.1619,-0.18789,,,33,54637,183,-5.0932,0.10793,0.1619,-0.18789
,34,54745.9,182.7,0.025439159,0.15298,-0.14376,0.10389,0.3486,,,34,54745.9,182.7,0.016434969,0.00615,0.03677,-0.02988,-0.06249,,34,54745.9,182.7,-21.7919,0.2857,-0.16093,0.03318,,,34,54745.9,182.7,-25.02397,0.2857,-0.16093,0.03318
,35,54879.3,182.2,0.02412055,0.1447,-0.0918,0.19648,0.31251,,,35,54879.3,182.2,0.022710233,0.00852,0.01857,-0.05429,-0.07229,,35,54879.3,182.2,33.56555,0.20375,0.12406,0.20967,,,35,54879.3,182.2,34.14216,0.20375,0.12406,0.20967
,36,54888.3,182.2,0.004121167,0.02472,-0.09735,0.12143,0.02228,,,36,54888.3,182.2,0.001702765,0.00064,0.01122,-0.01844,-0.01315,,36,54888.3,182.2,-12.37163,0.12062,-0.15768,0.20863,,,36,54888.3,182.2,-2.85942,0.12062,-0.15768,0.20863
,37,54947.4,182,0.000947998,0.00568,0.04018,0.02026,-0.06045,,,37,54947.4,182,0.000790649,0.0003,-0.0123,-0.00089,0.01204,,37,54947.4,182,0.13148,-0.03124,-0.11119,-0.06265,,,37,54947.4,182,0.51005,-0.03124,-0.11119,-0.06265
,38,54972.4,181.9,0.000427231,0.00256,-0.04166,0.02756,0.00796,,,38,54972.4,181.9,0.00014676,0.00006,0.00218,-0.00352,-0.00616,,38,54972.4,181.9,-0.1345,0.02205,0.06636,-0.15023,,,38,54972.4,181.9,-1.39393,0.02205,0.06636,-0.15023
,39,55204.2,181.1,0.002015247,0.01202,-0.05225,0.0435,0.08599,,,39,55204.2,181.1,0.000180496,0.00007,0.00461,0.00238,-0.00642,,39,55204.2,181.1,0.90356,-0.25616,0.05987,-0.16366,,,39,55204.2,181.1,-0.0232,-0.25616,0.05987,-0.16366
,40,55435.3,180.4,0.007065462,0.04196,-0.12019,-0.0021,0.16586,,,40,55435.3,180.4,0.006258667,0.00237,0.01833,-0.00985,-0.04403,,40,55435.3,180.4,-19.55736,0.3302,0.08368,-0.00977,,,40,55435.3,180.4,-10.56191,0.3302,0.08368,-0.00977
,41,55602.1,179.8,0.007806618,0.04622,-0.10081,0.14524,0.12234,,,41,55602.1,179.8,0.0122795,0.00467,0.03014,-0.04072,-0.04582,,41,55602.1,179.8,-23.60409,0.60265,0.0935,-0.02365,,,41,55602.1,179.8,-28.72998,0.60265,0.0935,-0.02365
,42,55748.1,179.4,0.012922569,0.07631,0.11994,-0.2467,-0.03265,,,42,55748.1,179.4,0.008506937,0.00324,-0.01554,0.0532,0.013,,42,55748.1,179.4,-0.17051,-0.13537,-0.03609,-0.21347,,,42,55748.1,179.4,4.8139,-0.13537,-0.03609,-0.21347
,43,55842.8,179.1,0.002709024,0.01597,0.04516,0.10941,-0.04427,,,43,55842.8,179.1,0.000968116,0.00037,-0.00193,-0.01024,0.01615,,43,55842.8,179.1,-15.31583,-0.05864,-0.3071,-0.085,,,43,55842.8,179.1,-3.49402,-0.05864,-0.3071,-0.085
,44,55998.7,178.6,0.017834895,0.10485,-0.11365,0.0563,0.29793,,,44,55998.7,178.6,0.009586516,0.00367,0.02089,-0.01163,-0.05565,,44,55998.7,178.6,22.93264,0.03077,-0.12173,0.19801,,,44,55998.7,178.6,16.55811,0.03077,-0.12173,0.19801
,45,56012.5,178.5,0.009105348,0.05352,0.10529,-0.09875,-0.18077,,,45,56012.5,178.5,0.004222239,0.00162,-0.01881,0.01497,0.03222,,45,56012.5,178.5,2.17648,0.06243,-0.00977,0.01616,,,45,56012.5,178.5,1.47823,0.06243,-0.00977,0.01616
,46,56164.6,178,0.002888591,0.01693,-0.04959,0.10175,0.06419,,,46,56164.6,178,0.001340779,0.00051,0.01379,-0.01415,-0.01115,,46,56164.6,178,-1.19065,-0.04709,-0.09023,0.06729,,,46,56164.6,178,0.22765,-0.04709,-0.09023,0.06729
,47,56880.7,175.8,0.296908791,1.71844,-0.01944,-0.96903,0.88263,,,47,56880.7,175.8,0.081869747,0.03183,-0.00023,0.1358,-0.1157,,47,56880.7,175.8,493.40081,0.79372,-0.60269,0.54152,,,47,56880.7,175.8,263.17778,0.79372,-0.60269,0.54152
,48,57098.4,175.1,0.00958409,0.05526,-0.10617,-0.17474,-0.11598,,,48,57098.4,175.1,0.004073117,0.00159,0.00756,0.02121,0.0329,,48,57098.4,175.1,-43.25332,0.78276,0.2041,-0.23304,,,48,57098.4,175.1,-4.6837,0.78276,0.2041,-0.23304
,49,57152.7,175,0.203687766,1.17329,0.79654,-0.66241,-0.31624,,,49,57152.7,175,0.059549266,0.02326,-0.10616,0.1039,0.03457,,49,57152.7,175,-398.77908,-1.43601,-0.59786,0.31001,,,49,57152.7,175,-182.92582,-1.43601,-0.59786,0.31001
,50,57216.1,174.8,0.041155546,0.2368,-0.18515,0.04697,0.44757,,,50,57216.1,174.8,0.01309601,0.00512,0.03825,-0.01832,-0.05764,,50,57216.1,174.8,20.55352,-0.12634,0.07681,0.03708,,,50,57216.1,174.8,15.14965,-0.12634,0.07681,0.03708
,51,57412.8,174.2,0.608612908,3.48986,-0.83113,0.74784,1.4966,,,51,57412.8,174.2,0.220081153,0.08636,0.15084,-0.12912,-0.21664,,51,57412.8,174.2,254.13947,0.042,0.31402,0.2266,,,51,57412.8,174.2,150.12697,0.042,0.31402,0.2266
,52,57578.8,173.7,0.113424696,0.64852,-0.32143,0.73708,-0.04377,,,52,57578.8,173.7,0.019337556,0.00761,0.0575,-0.06228,-0.02059,,52,57578.8,173.7,-94.37992,0.21926,-0.16408,0.20052,,,52,57578.8,173.7,-33.60164,0.21926,-0.16408,0.20052
,53,57733.5,173.2,0.208814884,1.19072,-0.37107,0.92766,0.43872,,,53,57733.5,173.2,0.079601923,0.03141,0.02851,-0.13271,-0.11395,,53,57733.5,173.2,-73.42681,0.46036,-0.16102,0.37486,,,53,57733.5,173.2,14.73506,0.46036,-0.16102,0.37486
,54,57780.7,173.1,0.103587412,0.5902,0.22157,-0.6881,0.26004,,,54,57780.7,173.1,0.021519526,0.0085,-0.04627,0.07835,-0.01479,,54,57780.7,173.1,-319.88394,-0.17111,0.70315,-0.60281,,,54,57780.7,173.1,-128.79359,-0.17111,0.70315,-0.60281
,55,57903.7,172.7,0.014811829,0.08421,-0.00352,0.08926,-0.2761,,,55,57903.7,172.7,0.005168881,0.00205,0.00434,-0.01624,0.04199,,55,57903.7,172.7,-7.03239,0.03998,-0.07379,0.02966,,,55,57903.7,172.7,-4.67718,0.03998,-0.07379,0.02966
,56,58164.6,171.9,0.09734533,0.55098,-0.00705,0.5471,0.5016,,,56,58164.6,171.9,0.050873098,0.02022,-0.04146,-0.10131,-0.09078,,56,58164.6,171.9,13.17978,0.35242,-0.08262,0.1508,,,56,58164.6,171.9,35.45685,0.35242,-0.08262,0.1508
,57,58584.4,170.7,0.012180157,0.06845,0.15677,-0.20928,-0.00849,,,57,58584.4,170.7,0.004135861,0.00166,-0.02961,0.02473,0.01293,,57,58584.4,170.7,5.52791,0.05502,-0.0166,0.04388,,,57,58584.4,170.7,2.6005,0.05502,-0.0166,0.04388
,58,58915.2,169.7,0.045985885,0.25696,0.23876,0.17339,-0.41218,,,58,58915.2,169.7,0.013873157,0.00559,-0.05488,-0.01021,0.0497,,58,58915.2,169.7,10.82019,0.0761,0.08447,0.02393,,,58,58915.2,169.7,6.76069,0.0761,0.08447,0.02393
,59,59079.6,169.3,0.003642298,0.0203,-0.05871,0.12128,-0.04626,,,59,59079.6,169.3,0.001328157,0.00054,0.01473,-0.01436,0.01063,,59,59079.6,169.3,-6.16942,0.03107,-0.07159,0.05574,,,59,59079.6,169.3,-3.64042,0.03107,-0.07159,0.05574
,60,59176.5,169,0.007810633,0.04345,-0.13972,0.07701,0.13416,,,60,59176.5,169,0.003144786,0.00127,0.03377,0.00163,-0.01136,,60,59176.5,169,-3.07238,-0.02329,0.0129,-0.08023,,,60,59176.5,169,-0.25614,-0.02329,0.0129,-0.08023
,61,59536.7,168,0.378949865,2.09543,-0.56468,0.19303,1.31883,,,61,59536.7,168,0.134338198,0.05466,0.07707,-0.07323,-0.20823,,61,59536.7,168,64.84657,-0.34991,0.01436,-0.04763,,,61,59536.7,168,31.45879,-0.34991,0.01436,-0.04763
,62,59648.9,167.6,0.007555495,0.0417,-0.0089,0.06982,0.19169,,,62,59648.9,167.6,0.00359002,0.00146,0.02832,-0.0049,-0.02525,,62,59648.9,167.6,-10.46963,-0.12013,-0.09646,-0.08629,,,62,59648.9,167.6,1.30217,-0.12013,-0.09646,-0.08629
,63,59720.2,167.4,0.010707393,0.05903,0.17594,-0.09047,0.14101,,,63,59720.2,167.4,0.002555941,0.00104,-0.0237,0.00563,-0.02121,,63,59720.2,167.4,13.21291,0.1792,-0.27479,-0.20114,,,63,59720.2,167.4,2.64573,0.1792,-0.27479,-0.20114
,64,60027.1,166.6,0.413764702,2.26925,-0.4554,1.43575,-0.02192,,,64,60027.1,166.6,0.099198331,0.0407,0.06412,-0.18718,-0.03936,,64,60027.1,166.6,7.99479,-0.2361,-0.0692,-0.40105,,,64,60027.1,166.6,-23.44386,-0.2361,-0.0692,-0.40105
,65,60111.1,166.4,0.163829267,0.89725,-0.30017,-0.10038,0.89279,,,65,60111.1,166.4,0.047556012,0.01954,0.00769,-0.02858,-0.13661,,65,60111.1,166.4,-34.96062,-0.06697,-0.11389,-0.11838,,,65,60111.1,166.4,-32.55359,-0.06697,-0.11389,-0.11838
,66,60174.3,166.2,0.155073519,0.8484,0.2321,-0.60503,0.65457,,,66,60174.3,166.2,0.01937481,0.00797,-0.00249,0.06546,-0.06063,,66,60174.3,166.2,11.81962,0.03303,-0.18416,-0.14364,,,66,60174.3,166.2,5.89626,0.03303,-0.18416,-0.14364
,67,60723.9,164.7,0.002916501,0.01581,0.0539,-0.11212,0.01833,,,67,60723.9,164.7,0.003753661,0.00156,0.01253,-0.01547,-0.03408,,67,60723.9,164.7,-26.22531,-0.10186,0.51677,0.42565,,,67,60723.9,164.7,40.51353,-0.10186,0.51677,0.42565
,68,60814.7,164.4,0.009344968,0.05059,-0.0913,-0.11707,-0.16896,,,68,60814.7,164.4,0.002270787,0.00094,-0.01413,0.00785,0.02613,,68,60814.7,164.4,-0.9363,0.0172,0.01221,-0.006,,,68,60814.7,164.4,0.51699,0.0172,0.01221,-0.006
,69,60892.1,164.2,0.111123625,0.60079,-0.00916,-0.20566,0.74727,,,69,60892.1,164.2,0.018643952,0.00776,0.01839,0.01557,-0.08472,,69,60892.1,164.2,-84.08322,-0.09499,-0.19169,-0.29259,,,69,60892.1,164.2,-34.0827,-0.09499,-0.19169,-0.29259
,70,61092.3,163.7,0.010666055,0.05748,0.15834,0.13436,-0.1198,,,70,61092.3,163.7,0.001595937,0.00067,0.01448,-0.01366,0.01643,,70,61092.3,163.7,15.9102,0.06546,0.18297,0.01004,,,70,61092.3,163.7,2.34964,0.06546,0.18297,0.01004
,71,61177,163.5,0.018999027,0.10224,-0.31915,0.01523,0.01221,,,71,61177,163.5,0.003053986,0.00128,0.03075,-0.00555,-0.01733,,71,61177,163.5,21.30591,-0.13722,0.22811,-0.17008,,,71,61177,163.5,4.29436,-0.13722,0.22811,-0.17008
,72,61242.6,163.3,0.013077129,0.0703,0.1896,-0.03608,0.18179,,,72,61242.6,163.3,0.002801025,0.00117,-0.01355,0.00904,-0.03012,,72,61242.6,163.3,-2.05174,0.05175,0.05954,-0.06609,,,72,61242.6,163.3,-3.08818,0.05175,0.05954,-0.06609
,73,61280.7,163.2,0.004132022,0.0222,-0.09214,-0.01506,-0.11611,,,73,61280.7,163.2,0.002685095,0.00112,0.03043,0.00047,0.01409,,73,61280.7,163.2,-9.37226,0.00074,-0.23055,0.20054,,,73,61280.7,163.2,-4.625,0.00074,-0.23055,0.20054
,74,61314.8,163.1,0.046345135,0.24884,-0.46094,-0.18966,-0.02012,,,74,61314.8,163.1,0.001210097,0.00051,0.01883,0.01233,-0.00071,,74,61314.8,163.1,43.08809,-0.20985,0.01593,0.11502,,,74,61314.8,163.1,6.47412,-0.20985,0.01593,0.11502
,75,61534.8,162.5,0.001357549,0.00726,-0.06145,-0.05854,-0.00773,,,75,61534.8,162.5,0.000565776,0.00024,0.00314,0.01484,0.00279,,75,61534.8,162.5,0.43031,0.00571,-0.02173,0.00114,,,75,61534.8,162.5,0.50705,0.00571,-0.02173,0.00114
,76,61558.9,162.4,0.02447244,0.13088,-0.04694,-0.31374,-0.17389,,,76,61558.9,162.4,0.009161573,0.00385,-0.01204,0.05169,0.0322,,76,61558.9,162.4,12.92234,0.07679,-0.01746,-0.14685,,,76,61558.9,162.4,11.02091,0.07679,-0.01746,-0.14685
,77,61634.6,162.2,0.004714946,0.02518,0.00317,-0.15104,0.04859,,,77,61634.6,162.2,0.001598805,0.00067,-0.02025,0.01169,-0.01126,,77,61634.6,162.2,7.20459,0.03654,-0.06027,0.12478,,,77,61634.6,162.2,4.78377,0.03654,-0.06027,0.12478
,78,61716.6,162,0.003877056,0.02068,0.14028,-0.00713,0.03087,,,78,61716.6,162,0.003888971,0.00164,-0.03682,0.00072,-0.01685,,78,61716.6,162,-0.15714,0.02735,0.00655,-0.13355,,,78,61716.6,162,-2.09332,0.02735,0.00655,-0.13355
,79,61845.2,161.7,0.030510056,0.16241,0.04828,0.2478,-0.31412,,,79,61845.2,161.7,0.005738839,0.00243,0.00412,-0.01457,0.04687,,79,61845.2,161.7,-14.08203,0.04694,-0.15714,-0.02166,,,79,61845.2,161.7,-2.45503,0.04694,-0.15714,-0.02166
,80,61926.5,161.5,0.022729342,0.12083,0.17847,-0.29289,0.0565,,,80,61926.5,161.5,0.00332887,0.00141,-0.0329,0.01652,-0.00733,,80,61926.5,161.5,25.53102,0.15517,-0.11248,-0.11474,,,80,61926.5,161.5,10.22876,0.15517,-0.11248,-0.11474
,81,61999.5,161.3,0.140706133,0.74714,-0.14993,0.74003,-0.42073,,,81,61999.5,161.3,0.027223825,0.01154,0.01646,-0.09451,0.0483,,81,61999.5,161.3,-33.58565,-0.10971,-0.06312,0.0974,,,81,61999.5,161.3,-14.79357,-0.10971,-0.06312,0.0974
,82,62018.8,161.2,0.075430336,0.4004,0.16499,0.52703,-0.3089,,,82,62018.8,161.2,0.01444203,0.00612,-0.02493,-0.06203,0.04065,,82,62018.8,161.2,-6.72506,0.07442,-0.11808,-0.11554,,,82,62018.8,161.2,-1.28858,0.07442,-0.11808,-0.11554
,83,62061.1,161.1,0.071789922,0.38082,-0.12184,0.51974,-0.30959,,,83,62061.1,161.1,0.01190923,0.00505,-0.00063,-0.0703,0.01045,,83,62061.1,161.1,-29.31463,-0.07678,-0.16052,-0.03842,,,83,62061.1,161.1,-18.22411,-0.07678,-0.16052,-0.03842
,84,62328.2,160.4,0.050499063,0.26673,-0.2182,0.46337,-0.0664,,,84,62328.2,160.4,0.014878863,0.00634,0.05841,-0.05288,-0.01139,,84,62328.2,160.4,15.97018,-0.11749,0.02936,0.08081,,,84,62328.2,160.4,15.49765,-0.11749,0.02936,0.08081
,85,62376.7,160.3,0.160329483,0.84619,0.26306,0.27367,-0.83791,,,85,62376.7,160.3,0.044283369,0.01888,-0.04156,-0.01468,0.13014,,85,62376.7,160.3,22.74253,0.26071,0.03631,0.03614,,,85,62376.7,160.3,11.0553,0.26071,0.03631,0.03614
,86,62669.8,159.6,0.007099399,0.03729,-0.02521,0.18712,-0.04057,,,86,62669.8,159.6,0.001553474,0.00067,-0.02255,-0.00809,0.00956,,86,62669.8,159.6,11.80932,0.11831,0.11725,-0.15019,,,86,62669.8,159.6,8.34231,0.11831,0.11725,-0.15019
,87,62850.8,159.1,0.503193673,2.63572,0.74052,-0.93669,-1.09999,,,87,62850.8,159.1,0.143931588,0.06183,-0.10215,0.13386,0.18296,,87,62850.8,159.1,14.84873,0.24644,0.15671,0.00382,,,87,62850.8,159.1,5.75905,0.24644,0.15671,0.00382
,88,62988.4,158.8,0.047748793,0.24956,-0.22748,0.28335,0.34282,,,88,62988.4,158.8,0.014963556,0.00644,0.05569,-0.04603,-0.03495,,88,62988.4,158.8,-15.32796,-0.08352,-0.2122,0.02513,,,88,62988.4,158.8,-6.96253,-0.08352,-0.2122,0.02513
,89,63120.4,158.4,0.052111948,0.2718,0.12421,0.23872,-0.44652,,,89,63120.4,158.4,0.007414042,0.0032,-0.01784,0.05266,0.01036,,89,63120.4,158.4,-94.13581,0.10973,-0.30344,0.31547,,,89,63120.4,158.4,24.04172,0.10973,-0.30344,0.31547
,90,63219,158.2,0.025852434,0.13463,-0.1756,0.04868,0.31847,,,90,63219,158.2,0.009104318,0.00393,0.05394,-0.02767,-0.01608,,90,63219,158.2,-45.63224,-0.1078,0.26363,-0.40367,,,90,63219,158.2,10.83482,-0.1078,0.26363,-0.40367
,91,63352.6,157.8,0.020633776,0.10722,0.2205,-0.03262,-0.23987,,,91,63352.6,157.8,0.007496015,0.00325,-0.03996,0.00045,0.0406,,91,63352.6,157.8,-14.69469,-0.00244,0.09915,0.11422,,,91,63352.6,157.8,-7.80582,-0.00244,0.09915,0.11422
,92,63406.3,157.7,0.014432833,0.07494,0.15138,-0.21871,-0.06472,,,92,63406.3,157.7,0.005643133,0.00245,-0.01506,0.02355,0.04079,,92,63406.3,157.7,-17.07197,-0.01514,0.10068,0.18388,,,92,63406.3,157.7,-16.48221,-0.01514,0.10068,0.18388
,93,63433.7,157.6,0.006119422,0.03176,0.10943,0.08117,-0.11488,,,93,63433.7,157.6,0.001305836,0.00057,-0.02159,0.00552,-0.00835,,93,63433.7,157.6,-3.30268,0.02219,0.04786,0.11594,,,93,63433.7,157.6,1.92923,0.02219,0.04786,0.11594
,94,63665.3,157.1,0.001706005,0.00882,-0.08306,0.00382,0.04368,,,94,63665.3,157.1,0.002946435,0.00128,0.02274,-0.02712,-0.0054,,94,63665.3,157.1,6.23917,-0.11986,0.01797,0.07349,,,94,63665.3,157.1,5.86684,-0.11986,0.01797,0.07349
,95,63811,156.7,0.012675653,0.0654,0.04899,0.08859,-0.23484,,,95,63811,156.7,0.003144506,0.00137,-0.00692,0.0043,0.03612,,95,63811,156.7,-12.29378,-0.01867,-0.09951,0.06961,,,95,63811,156.7,-3.59265,-0.01867,-0.09951,0.06961
,96,63943.6,156.4,0.016644006,0.08569,0.03952,0.16656,-0.23746,,,96,63943.6,156.4,0.002096831,0.00092,-0.00634,0.00994,0.02788,,96,63943.6,156.4,8.18565,0.08194,-0.06715,-0.10658,,,96,63943.6,156.4,6.72928,0.08194,-0.06715,-0.10658
,97,64125.1,155.9,0.003423903,0.01758,0.05642,-0.10199,-0.06318,,,97,64125.1,155.9,0.0031275,0.00137,-0.00221,0.03094,0.02022,,97,64125.1,155.9,-6.7844,0.0171,0.16125,-0.01726,,,97,64125.1,155.9,-7.42516,0.0171,0.16125,-0.01726
,98,64165,155.8,0.034376648,0.17638,-0.21521,0.19433,0.3038,,,98,64165,155.8,0.039735534,0.01743,0.07447,-0.03534,-0.10311,,98,64165,155.8,-65.5024,0.3276,-0.02873,-0.20688,,,98,64165,155.8,-75.37558,0.3276,-0.02873,-0.20688
,99,64217,155.7,0.082576382,0.42333,0.04238,-0.56394,0.32173,,,99,64217,155.7,0.052685559,0.02312,-0.01146,0.12394,-0.08736,,99,64217,155.7,25.09287,0.01968,-0.04028,0.09223,,,99,64217,155.7,21.38974,0.01968,-0.04028,0.09223
,100,64281.7,155.6,0.022528085,0.11538,0.07531,0.32788,0.04685,,,100,64281.7,155.6,0.012102183,0.00532,-0.06279,0.02774,0.02459,,100,64281.7,155.6,2.79692,-0.47272,0.12654,0.00096,,,100,64281.7,155.6,-53.46773,-0.47272,0.12654,0.00096
,101,64522,155,0.07489204,0.38212,-0.09912,0.51048,-0.33423,,,101,64522,155,0.004220411,0.00186,0.02537,-0.03346,-0.00989,,101,64522,155,70.22406,0.09587,0.22002,-0.13805,,,101,64522,155,5.71886,0.09587,0.22002,-0.13805
,102,64616,154.8,0.036479815,0.18586,0.02416,-0.37671,0.20825,,,102,64616,154.8,0.003579743,0.00158,0.01715,0.02472,-0.026,,102,64616,154.8,13.62956,0.05841,0.00133,0.13446,,,102,64616,154.8,3.9409,0.05841,0.00133,0.13446
,103,64623,154.7,0.044822202,0.22834,0.12933,-0.43037,-0.16246,,,103,64623,154.7,0.016138504,0.00713,-0.02437,0.0765,0.02611,,103,64623,154.7,-32.05404,0.00444,0.17947,-0.05339,,,103,64623,154.7,-19.57832,0.00444,0.17947,-0.05339
,104,64698.4,154.6,0.080326044,0.40873,0.12074,-0.09378,-0.62077,,,104,64698.4,154.6,0.02387491,0.01056,-0.0142,-0.00278,0.10172,,104,64698.4,154.6,-15.91208,0.13597,0.02169,0.07754,,,104,64698.4,154.6,-9.42875,0.13597,0.02169,0.07754
,105,64755.2,154.4,0.069240758,0.35202,0.18919,-0.37094,0.42265,,,105,64755.2,154.4,0.008473147,0.00375,-0.05238,0.03007,0.01011,,105,64755.2,154.4,44.68785,-0.18033,-0.23815,0.09598,,,105,64755.2,154.4,-5.20226,-0.18033,-0.23815,0.09598
,106,64970.6,153.9,0.088795181,0.44993,-0.22222,0.62583,0.0943,,,106,64970.6,153.9,0.015704497,0.00697,0.03243,-0.06846,-0.03514,,106,64970.6,153.9,58.57039,-0.30471,0.11071,-0.1354,,,106,64970.6,153.9,20.23029,-0.30471,0.11071,-0.1354
,107,65071.8,153.7,0.083217351,0.42101,-0.14645,0.06486,0.62878,,,107,65071.8,153.7,0.027424197,0.0122,0.04479,-0.05382,-0.0854,,107,65071.8,153.7,38.25915,0.09703,-0.07479,0.15938,,,107,65071.8,153.7,8.33305,0.09703,-0.07479,0.15938
,108,65286,153.2,0.002050568,0.01034,-0.01032,-0.02395,0.09829,,,108,65286,153.2,0.001050798,0.00047,0.01917,0.00673,-0.00748,,108,65286,153.2,5.62638,-0.06001,-0.20791,0.06446,,,108,65286,153.2,4.80631,-0.06001,-0.20791,0.06446
,109,65508,152.7,0.002205259,0.01108,0.02498,-0.09942,0.02398,,,109,65508,152.7,0.000866315,0.00039,0.00963,0.01325,-0.01094,,109,65508,152.7,0.7788,0.0889,0.01872,0.05392,,,109,65508,152.7,-0.81226,0.0889,0.01872,0.05392
,110,65760.9,152.1,0.001725477,0.00864,0.03212,-0.01886,0.08515,,,110,65760.9,152.1,0.000885202,0.0004,-0.01061,0.01585,-0.00584,,110,65760.9,152.1,-7.86485,-0.30732,0.11318,-0.05492,,,110,65760.9,152.1,-8.45658,-0.30732,0.11318,-0.05492
,111,65801.8,152,0.000270774,0.00135,0.01969,0.03083,-0.00402,,,111,65801.8,152,0.001102434,0.0005,-0.01363,-0.0175,-0.00189,,111,65801.8,152,2.70743,0.04848,0.16264,0.05652,,,111,65801.8,152,5.68433,0.04848,0.16264,0.05652
,112,65847.7,151.9,0.003757232,0.01878,0.01705,0.05597,0.12394,,,112,65847.7,151.9,0.000809895,0.00036,-0.00897,-0.00939,-0.01399,,112,65847.7,151.9,4.19269,-0.05877,-0.09869,0.1244,,,112,65847.7,151.9,0.44949,-0.05877,-0.09869,0.1244
,113,66054.6,151.4,0.037085083,0.18483,-0.02447,0.30492,-0.30208,,,113,66054.6,151.4,0.010644391,0.00481,0.00768,-0.0415,0.05499,,113,66054.6,151.4,18.54491,-0.12002,0.00061,-0.11988,,,113,66054.6,151.4,11.81027,-0.12002,0.00061,-0.11988
,114,66112.2,151.3,0.004490265,0.02236,0.07263,-0.12801,0.02641,,,114,66112.2,151.3,0.002020439,0.00091,-0.00827,0.01193,-0.0265,,114,66112.2,151.3,10.11972,0.23979,-0.01216,0.09442,,,114,66112.2,151.3,7.24612,0.23979,-0.01216,0.09442
,115,66207.9,151,0.021076819,0.1048,0.02694,-0.3181,0.05377,,,115,66207.9,151,0.001501929,0.00068,-0.00585,0.02537,-0.00127,,115,66207.9,151,22.6309,0.208,-0.10427,0.17164,,,115,66207.9,151,6.37752,0.208,-0.10427,0.17164
,116,66227.4,151,0.012367417,0.06148,0.04364,-0.24299,0.02298,,,116,66227.4,151,0.010950579,0.00496,-0.01091,0.06947,0.0033,,116,66227.4,151,6.45682,-0.06399,-0.07158,-0.03937,,,116,66227.4,151,6.88213,-0.06399,-0.07158,-0.03937
,117,66300,150.8,0.003045914,0.01512,-0.01408,0.11227,0.04818,,,117,66300,150.8,0.00154551,0.0007,-0.01267,-0.02005,-0.01175,,117,66300,150.8,8.52835,-0.11177,0.0795,0.15754,,,117,66300,150.8,3.16592,-0.11177,0.0795,0.15754
,118,66387,150.6,0.001134942,0.00563,0.03506,0.05305,-0.03981,,,118,66387,150.6,0.000984552,0.00045,0.00051,0.0109,0.0181,,118,66387,150.6,-6.95865,-0.19353,-0.03522,0.15341,,,118,66387,150.6,-3.5744,-0.19353,-0.03522,0.15341
,119,66414.6,150.6,0.007588189,0.03761,0.04268,-0.10135,-0.15975,,,119,66414.6,150.6,0.002074071,0.00094,-0.00098,0.02942,0.00865,,119,66414.6,150.6,0.25853,0.04525,0.1067,-0.05904,,,119,66414.6,150.6,-4.02677,0.04525,0.1067,-0.05904
,120,66443,150.5,0.00625019,0.03097,-0.06037,0.10789,0.12523,,,120,66443,150.5,0.003907847,0.00177,0.01512,-0.03915,-0.0036,,120,66443,150.5,12.63875,-0.05446,-0.23445,0.38981,,,120,66443,150.5,-10.8277,-0.05446,-0.23445,0.38981
,121,66491.5,150.4,0.004372984,0.02165,0.01766,0.12675,-0.07263,,,121,66491.5,150.4,0.001556227,0.00071,-0.00766,-0.02289,0.01117,,121,66491.5,150.4,30.02689,0.08021,0.35595,-0.23626,,,121,66491.5,150.4,17.73977,0.08021,0.35595,-0.23626
,122,66525.7,150.3,0.00502733,0.02488,-0.1073,0.09248,0.06938,,,122,66525.7,150.3,0.006652759,0.00302,0.02807,-0.03876,-0.0271,,122,66525.7,150.3,-18.80224,0.42851,0.0458,0.02682,,,122,66525.7,150.3,-14.81868,0.42851,0.0458,0.02682
,123,66592.6,150.2,0.005438607,0.02689,-0.07255,0.12413,0.07883,,,123,66592.6,150.2,0.004536093,0.00206,0.02238,-0.03635,-0.01556,,123,66592.6,150.2,-2.11147,0.2869,0.00191,0.20421,,,123,66592.6,150.2,-4.93146,0.2869,0.00191,0.20421
,124,66623,150.1,0.006403892,0.03164,0.05278,-0.16946,-0.01193,,,124,66623,150.1,0.001586358,0.00072,-0.02,0.01574,0.00863,,124,66623,150.1,10.79163,0.06091,-0.12503,0.12679,,,124,66623,150.1,3.24896,0.06091,-0.12503,0.12679
,125,66665.8,150,0.00326738,0.01614,0.06104,-0.01944,0.10969,,,125,66665.8,150,0.00088721,0.0004,-0.00605,-0.019,-0.00255,,125,66665.8,150,3.99024,-0.04896,0.06181,0.11537,,,125,66665.8,150,1.81937,-0.04896,0.06181,0.11537
,126,66727.7,149.9,0.008195347,0.04043,-0.08691,0.08776,0.15868,,,126,66727.7,149.9,0.010185244,0.00464,0.0216,-0.00255,-0.06459,,126,66727.7,149.9,-4.82918,0.31317,0.29285,-0.055,,,126,66727.7,149.9,-14.84005,0.31317,0.29285,-0.055
,127,66762.9,149.8,0.077235817,0.38085,0.20116,-0.4,-0.42473,,,127,66762.9,149.8,0.037775765,0.01724,-0.04956,0.07706,0.09403,,127,66762.9,149.8,45.79086,-0.52344,-0.30568,-0.18871,,,127,66762.9,149.8,23.80265,-0.52344,-0.30568,-0.18871
,128,66874.5,149.5,0.00833465,0.04103,0.0034,0.19614,0.05049,,,128,66874.5,149.5,0.004232173,0.00193,-0.02897,-0.03265,-0.00538,,128,66874.5,149.5,-2.07436,-0.11176,0.00311,-0.0917,,,128,66874.5,149.5,-5.61656,-0.11176,0.00311,-0.0917
,129,66902,149.5,0.007170987,0.03529,0.06294,-0.1537,0.08777,,,129,66902,149.5,0.000690567,0.00032,-0.01198,0.00935,-0.0092,,129,66902,149.5,31.89309,0.24223,-0.30041,0.071,,,129,66902,149.5,9.84509,0.24223,-0.30041,0.071
,130,66993,149.3,0.101425125,0.49842,0.22382,-0.29562,-0.60077,,,130,66993,149.3,0.030847134,0.01412,-0.04335,0.05803,0.09422,,130,66993,149.3,67.11309,-0.15429,-0.02581,-0.28173,,,130,66993,149.3,32.98154,-0.15429,-0.02581,-0.28173
,131,67098.4,149,0.011450928,0.05618,-0.02581,0.16955,-0.16361,,,131,67098.4,149,0.001299177,0.0006,-0.01662,-0.00328,0.01758,,131,67098.4,149,3.67561,-0.09445,0.07978,0.04992,,,131,67098.4,149,-3.37017,-0.09445,0.07978,0.04992
,132,67169.2,148.9,0.014985567,0.07345,0.06577,-0.23046,0.12652,,,132,67169.2,148.9,0.000305024,0.00014,-0.00261,0.01153,0.0006,,132,67169.2,148.9,9.54242,0.139,-0.07962,-0.05731,,,132,67169.2,148.9,2.02628,0.139,-0.07962,-0.05731
,133,67245.7,148.7,0.007334998,0.03591,-0.01755,-0.06082,0.17861,,,133,67245.7,148.7,0.001469368,0.00068,-0.01775,0.01493,-0.01172,,133,67245.7,148.7,-4.07142,-0.27943,0.16349,-0.02014,,,133,67245.7,148.7,-11.75049,-0.27943,0.16349,-0.02014
,134,67329.5,148.5,0.006084465,0.02975,0.00657,0.16946,0.03149,,,134,67329.5,148.5,0.001465531,0.00067,-0.01034,-0.01325,-0.0198,,134,67329.5,148.5,5.33571,-0.0164,0.06559,0.00988,,,134,67329.5,148.5,1.37498,-0.0164,0.06559,0.00988
,135,67386.7,148.4,0.001457714,0.00712,0.01827,-0.0823,-0.0038,,,135,67386.7,148.4,0.001184276,0.00055,-0.01642,0.0096,0.01355,,135,67386.7,148.4,7.6121,-0.0409,-0.20873,0.07519,,,135,67386.7,148.4,0.48094,-0.0409,-0.20873,0.07519
,136,67442.8,148.3,0.002306251,0.01126,-0.07113,0.0496,0.06114,,,136,67442.8,148.3,0.003011198,0.00139,0.02759,-0.01122,-0.02238,,136,67442.8,148.3,2.05123,0.10368,0.11378,0.09946,,,136,67442.8,148.3,0.98339,0.10368,0.11378,0.09946
,137,67584.4,148,0.00714361,0.0348,-0.10586,0.04174,-0.14782,,,137,67584.4,148,0.001668013,0.00077,0.02117,0.00193,0.01784,,137,67584.4,148,8.98388,-0.02364,0.04641,-0.09888,,,137,67584.4,148,3.33008,-0.02364,0.04641,-0.09888
,138,67596.4,147.9,0.001845786,0.00899,0.0711,0.06082,-0.01534,,,138,67596.4,147.9,0.002800444,0.00129,-0.02528,-0.01358,0.02169,,138,67596.4,147.9,-1.28073,0.03701,-0.06612,0.08648,,,138,67596.4,147.9,-2.81275,0.03701,-0.06612,0.08648
,139,67694.1,147.7,0.001634805,0.00795,-0.06091,0.04335,0.04859,,,139,67694.1,147.7,0.001247989,0.00058,0.01596,-0.00716,-0.01648,,139,67694.1,147.7,-3.4303,0.05934,-0.09769,0.0118,,,139,67694.1,147.7,-2.21975,0.05934,-0.09769,0.0118
,140,67768.6,147.6,0.001927666,0.00936,0.07509,0.01377,0.05947,,,140,67768.6,147.6,0.00217418,0.00101,-0.03026,-0.00329,0.00898,,140,67768.6,147.6,-0.81238,-0.03885,0.0425,0.01024,,,140,67768.6,147.6,-1.72179,-0.03885,0.0425,0.01024
,141,67853.6,147.4,0.001315385,0.00638,-0.03685,0.04166,0.05735,,,141,67853.6,147.4,0.004810253,0.00223,0.00405,-0.00171,-0.04703,,141,67853.6,147.4,-6.74754,0.03493,-0.06397,-0.18065,,,141,67853.6,147.4,-13.33681,0.03493,-0.06397,-0.18065
,142,67901.9,147.3,0.00136266,0.00661,0.00519,-0.00836,0.08068,,,142,67901.9,147.3,0.001707036,0.00079,0.00273,0.00867,-0.02664,,142,67901.9,147.3,0.05361,-0.10711,0.17203,0.02613,,,142,67901.9,147.3,-0.76686,-0.10711,0.17203,0.02613
,143,67949.3,147.2,0.001171968,0.00568,-0.02868,0.01456,-0.06814,,,143,67949.3,147.2,0.001272853,0.00059,-0.00626,0.0216,0.00925,,143,67949.3,147.2,-3.20955,0.02802,0.08504,0.10628,,,143,67949.3,147.2,-4.02667,0.02802,0.08504,0.10628
,144,68044.4,147,0.001014227,0.00491,0.06925,0.01005,0.00316,,,144,68044.4,147,0.001725396,0.0008,-0.0162,0.02323,-0.00055,,144,68044.4,147,2.33985,0.07519,0.02626,-0.1608,,,144,68044.4,147,0.78946,0.07519,0.02626,-0.1608
,145,68144,146.7,0.005148629,0.02487,0.01016,-0.11544,0.10698,,,145,68144,146.7,0.002832194,0.00132,-0.02285,0.02209,0.01758,,145,68144,146.7,-0.65433,-0.10899,0.0526,0.05414,,,145,68144,146.7,-6.99083,-0.10899,0.0526,0.05414
,146,68198.3,146.6,0.003520727,0.017,0.01637,0.09858,0.08373,,,146,68198.3,146.6,0.007248517,0.00338,0.00517,-0.01521,-0.05586,,146,68198.3,146.6,-3.51692,-0.18127,-0.13244,0.10228,,,146,68198.3,146.6,7.03524,-0.18127,-0.13244,0.10228
,147,68285.8,146.4,0.029519379,0.14232,-0.07268,0.36878,0.03221,,,147,68285.8,146.4,0.014701536,0.00686,0.02266,-0.06207,-0.04996,,147,68285.8,146.4,-1.20772,-0.02424,-0.0261,0.16462,,,147,68285.8,146.4,10.83877,-0.02424,-0.0261,0.16462
,148,68423.7,146.1,0.002655561,0.01278,0.03389,0.10686,-0.01443,,,148,68423.7,146.1,0.002108803,0.00099,-0.00773,-0.02722,-0.01363,,148,68423.7,146.1,1.29558,0.0769,-0.0321,-0.2475,,,148,68423.7,146.1,-5.52165,0.0769,-0.0321,-0.2475
,149,68464.8,146.1,0.024680505,0.11868,-0.05072,-0.33223,0.07569,,,149,68464.8,146.1,0.006039795,0.00283,0.05003,-0.00289,-0.01773,,149,68464.8,146.1,2.55256,0.15366,-0.0076,0.14113,,,149,68464.8,146.1,-7.8706,0.15366,-0.0076,0.14113
,150,68563,145.9,0.050565056,0.24279,0.07194,0.14033,-0.46683,,,150,68563,145.9,0.009999846,0.00469,-0.02284,0.01664,0.06235,,150,68563,145.9,43.39809,0.19508,0.26513,-0.08743,,,150,68563,145.9,8.29008,0.19508,0.26513,-0.08743
,151,68636.3,145.7,0.010390259,0.04984,0.05092,-0.20917,0.05908,,,151,68636.3,145.7,0.001621781,0.00076,0.00048,0.02066,-0.01827,,151,68636.3,145.7,8.76562,0.06308,-0.05842,0.05352,,,151,68636.3,145.7,3.2474,0.06308,-0.05842,0.05352
,152,68652.3,145.7,0.007032618,0.03372,-0.04211,-0.16555,-0.06741,,,152,68652.3,145.7,0.009610679,0.00451,0.01211,0.06115,0.02496,,152,68652.3,145.7,0.48566,-0.02319,0.04331,-0.10715,,,152,68652.3,145.7,0.46185,-0.02319,0.04331,-0.10715
,153,68694.6,145.6,0.03297184,0.15801,-0.19114,0.33947,-0.079,,,153,68694.6,145.6,0.006811335,0.0032,0.04463,-0.03094,-0.01577,,153,68694.6,145.6,18.67234,-0.0551,0.10337,0.07617,,,153,68694.6,145.6,10.33162,-0.0551,0.10337,0.07617
,154,68725.3,145.5,0.034047036,0.16309,0.26274,-0.27202,-0.14166,,,154,68725.3,145.5,0.013874911,0.00652,-0.06349,0.0493,-0.00751,,154,68725.3,145.5,-8.57455,0.27948,0.34961,-0.02459,,,154,68725.3,145.5,0.48791,0.27948,0.34961,-0.02459
,155,68801.9,145.3,0.027735106,0.13271,-0.00353,-0.25996,-0.25519,,,155,68801.9,145.3,0.012981486,0.0061,0.01013,0.04331,0.06423,,155,68801.9,145.3,-29.11152,0.36974,-0.08924,0.32776,,,155,68801.9,145.3,-31.48276,0.36974,-0.08924,0.32776
,156,68809.3,145.3,0.024822335,0.11876,-0.11153,0.04543,0.32289,,,156,68809.3,145.3,0.008051099,0.00379,0.02261,-0.02638,-0.05078,,156,68809.3,145.3,5.50142,-0.06728,0.31406,-0.03129,,,156,68809.3,145.3,12.3571,-0.06728,0.31406,-0.03129
,157,68876.3,145.2,0.003737178,0.01786,0.11779,-0.03868,0.04993,,,157,68876.3,145.2,0.003684851,0.00173,-0.03625,0.02006,0.00428,,157,68876.3,145.2,1.2707,-0.07773,-0.14394,0.12585,,,157,68876.3,145.2,-0.70561,-0.07773,-0.14394,0.12585
,158,68886.3,145.2,0.034175793,0.16333,0.1092,-0.16166,0.35394,,,158,68886.3,145.2,0.004632225,0.00218,-0.04218,0.00534,-0.01932,,158,68886.3,145.2,47.95439,0.01252,-0.15534,0.21258,,,158,68886.3,145.2,8.20829,0.01252,-0.15534,0.21258
,159,68927.7,145.1,0.010848569,0.05181,0.15909,0.04955,-0.15508,,,159,68927.7,145.1,0.009315833,0.00439,-0.0443,-0.04613,0.01727,,159,68927.7,145.1,4.44607,0.18491,0.00446,0.1303,,,159,68927.7,145.1,9.22695,0.18491,0.00446,0.1303
,160,68960.3,145,0.014712416,0.07024,0.06546,-0.23389,-0.10606,,,160,68960.3,145,0.002807207,0.00132,-0.01006,0.03439,0.00626,,160,68960.3,145,-23.76284,0.20431,0.22112,0.11371,,,160,68960.3,145,-9.3949,0.20431,0.22112,0.11371
,161,69030.6,144.9,0.014092866,0.06721,0.10145,-0.20713,0.11838,,,161,69030.6,144.9,0.00142853,0.00067,-0.01856,0.00974,-0.01532,,161,69030.6,144.9,-6.24636,-0.07263,0.11098,0.14452,,,161,69030.6,144.9,-0.32083,-0.07263,0.11098,0.14452
,162,69093.3,144.7,0.01035628,0.04935,0.03954,-0.03742,-0.21536,,,162,69093.3,144.7,0.00168811,0.0008,-0.00093,0.01558,0.02353,,162,69093.3,144.7,14.00224,0.49961,0.28013,-0.09486,,,162,69093.3,144.7,-2.49682,0.49961,0.28013,-0.09486
,163,69180.2,144.6,0.004072471,0.01938,-0.06388,-0.03766,0.11782,,,163,69180.2,144.6,0.000966937,0.00046,-0.01641,0.01045,0.00887,,163,69180.2,144.6,-2.608,-0.12867,0.04475,-0.10241,,,163,69180.2,144.6,-2.49837,-0.12867,0.04475,-0.10241
,164,69241.6,144.4,0.015520223,0.07379,0.02453,0.23075,-0.14122,,,164,69241.6,144.4,0.000922937,0.00044,-0.01781,-0.00944,-0.00552,,164,69241.6,144.4,-2.97875,0.023,-0.00033,0.04819,,,164,69241.6,144.4,1.00519,0.023,-0.00033,0.04819
,165,69336.6,144.2,0.035434555,0.16824,-0.08273,0.09255,0.39094,,,165,69336.6,144.2,0.024473639,0.0116,0.02525,-0.05932,-0.08626,,165,69336.6,144.2,-4.93796,-0.19463,-0.23457,-0.01245,,,165,69336.6,144.2,-15.03206,-0.19463,-0.23457,-0.01245
,166,69365.9,144.2,0.005342398,0.02536,0.05749,-0.14616,0.0262,,,166,69365.9,144.2,0.000686889,0.00033,-0.00769,0.00969,0.01314,,166,69365.9,144.2,18.73001,0.15737,-0.17326,0.2045,,,166,69365.9,144.2,0.3012,0.15737,-0.17326,0.2045
,167,69451,144,0.000181502,0.00086,0.0277,-0.00019,-0.00965,,,167,69451,144,0.001126209,0.00053,-0.00707,0.01302,0.01775,,167,69451,144,1.22033,0.03985,0.00779,-0.15398,,,167,69451,144,4.34131,0.03985,0.00779,-0.15398
,168,69501.9,143.9,0.010322052,0.04889,-0.02674,0.17322,-0.1348,,,168,69501.9,143.9,0.0011663,0.00055,-0.0063,-0.00704,0.02156,,168,69501.9,143.9,16.19091,-0.28936,0.0369,-0.14996,,,168,69501.9,143.9,2.48519,-0.28936,0.0369,-0.14996
,169,69542.5,143.8,0.017296538,0.08188,-0.05251,0.19487,0.20285,,,169,69542.5,143.8,0.009719245,0.00462,0.0222,-0.04658,-0.04424,,169,69542.5,143.8,-5.65104,0.10735,-0.08013,0.04567,,,169,69542.5,143.8,-6.09285,0.10735,-0.08013,0.04567
,170,69575.2,143.7,0.019439802,0.09198,-0.02124,-0.25661,0.16027,,,170,69575.2,143.7,0.007382224,0.00351,0.01479,0.05587,-0.01305,,170,69575.2,143.7,-35.08163,-0.09796,0.25695,-0.06587,,,170,69575.2,143.7,-20.47227,-0.09796,0.25695,-0.06587
,171,69674.6,143.5,0.013007951,0.06146,0.12302,-0.20861,-0.05301,,,171,69674.6,143.5,0.005640953,0.00269,-0.0209,0.04377,0.01826,,171,69674.6,143.5,9.11115,0.14995,-0.05648,0.20572,,,171,69674.6,143.5,2.74719,0.14995,-0.05648,0.20572
,172,69709.5,143.5,0.001353698,0.00639,-0.00873,-0.03675,0.07047,,,172,69709.5,143.5,0.000714007,0.00034,0.00615,-0.00104,-0.01736,,172,69709.5,143.5,3.44443,0.05142,-0.09571,0.06013,,,172,69709.5,143.5,0.93307,0.05142,-0.09571,0.06013
,173,69751,143.4,0.020322875,0.09592,0.11629,-0.2582,0.12542,,,173,69751,143.4,0.015939079,0.0076,-0.0448,0.07288,-0.0167,,173,69751,143.4,13.60425,-0.15458,-0.0947,0.17845,,,173,69751,143.4,4.3844,-0.15458,-0.0947,0.17845
,174,69839.2,143.2,0.024017931,0.11322,0.08482,-0.05505,-0.32092,,,174,69839.2,143.2,0.021961529,0.01048,-0.0212,0.01591,0.09889,,174,69839.2,143.2,-27.92378,0.19678,-0.06711,0.24808,,,174,69839.2,143.2,-28.58381,0.19678,-0.06711,0.24808
,175,69914.4,143,0.00049981,0.00235,0.01966,0.04313,-0.01031,,,175,69914.4,143,0.002126855,0.00102,-0.03115,-0.00673,0.00076,,175,69914.4,143,0.74107,0.26193,-0.12455,-0.17398,,,175,69914.4,143,11.03147,0.26193,-0.12455,-0.17398
,176,69955.4,142.9,0.004213655,0.01983,-0.02493,0.13783,-0.01453,,,176,69955.4,142.9,0.001033947,0.00049,-0.00129,-0.01598,-0.0154,,176,69955.4,142.9,-3.99513,0.02287,-0.0601,-0.02613,,,176,69955.4,142.9,-1.97259,0.02287,-0.0601,-0.02613
,177,70005.7,142.8,0.000971015,0.00457,-0.02923,-0.00274,0.06086,,,177,70005.7,142.8,0.002839141,0.00136,0.02335,0.02211,-0.018,,177,70005.7,142.8,4.73895,-0.1848,0.22536,0.08653,,,177,70005.7,142.8,1.31495,-0.1848,0.22536,0.08653
,178,70036.9,142.8,0.000810445,0.00381,0.03503,-0.03047,-0.04067,,,178,70036.9,142.8,0.000138735,0.00007,-0.00811,0.00067,0.00039,,178,70036.9,142.8,3.29445,0.15013,0.0643,-0.09066,,,178,70036.9,142.8,1.78687,0.15013,0.0643,-0.09066
,179,70160.7,142.5,0.00141333,0.00663,-0.05244,0.04362,0.04449,,,179,70160.7,142.5,0.001379156,0.00066,0.02197,0.01279,0.00387,,179,70160.7,142.5,9.62781,-0.07199,0.07238,0.30322,,,179,70160.7,142.5,-0.76385,-0.07199,0.07238,0.30322
,180,70206.4,142.4,0.002027281,0.00951,0.05315,-0.07823,-0.02369,,,180,70206.4,142.4,0.00148372,0.00071,-0.0114,0.02398,-0.00267,,180,70206.4,142.4,6.86987,0.0397,-0.18118,0.07227,,,180,70206.4,142.4,7.35366,0.0397,-0.18118,0.07227
,181,70271.6,142.3,0.026537249,0.12432,0.07006,-0.26067,0.22686,,,181,70271.6,142.3,0.017489818,0.0084,-0.01926,0.06732,-0.05914,,181,70271.6,142.3,31.76039,-0.08227,-0.08827,0.22094,,,181,70271.6,142.3,25.65467,-0.08227,-0.08827,0.22094
,182,70283.2,142.3,0.007006967,0.03282,0.12495,-0.13115,-0.00275,,,182,70283.2,142.3,0.00665635,0.0032,-0.03361,0.04546,-0.00082,,182,70283.2,142.3,-20.02118,-0.09412,0.23204,0.10016,,,182,70283.2,142.3,-20.06637,-0.09412,0.23204,0.10016
,183,70439.4,142,0.006469326,0.03024,0.15633,-0.06948,-0.03113,,,183,70439.4,142,0.002793707,0.00134,-0.0342,0.00837,0.01027,,183,70439.4,142,-27.02969,-0.30768,0.08635,0.10387,,,183,70439.4,142,-18.08443,-0.30768,0.08635,0.10387
,184,70526.7,141.8,0.002285607,0.01067,0.00162,-0.09792,0.03284,,,184,70526.7,141.8,0.000775196,0.00037,0.01021,0.01634,-0.00157,,184,70526.7,141.8,7.38376,-0.00993,-0.12679,0.09934,,,184,70526.7,141.8,3.41759,-0.00993,-0.12679,0.09934
,185,70666.3,141.5,0.003326576,0.0155,-0.07719,0.03634,-0.09066,,,185,70666.3,141.5,0.002342068,0.00113,0.03163,0.00622,0.00961,,185,70666.3,141.5,19.8754,0.03865,0.21047,-0.41357,,,185,70666.3,141.5,2.10954,0.03865,0.21047,-0.41357
,186,70722.3,141.4,0.004233087,0.0197,0.1292,-0.02143,0.05053,,,186,70722.3,141.4,0.004990222,0.00241,-0.04414,0.01317,-0.01705,,186,70722.3,141.4,-14.77324,-0.21992,0.03807,-0.04168,,,186,70722.3,141.4,-15.97425,-0.21992,0.03807,-0.04168
,187,70771.6,141.3,0.050109216,0.2331,0.09256,-0.31187,0.35674,,,187,70771.6,141.3,0.019382058,0.00937,-0.04286,0.0649,-0.05767,,187,70771.6,141.3,65.37624,0.19438,-0.27597,0.09702,,,187,70771.6,141.3,46.54787,0.19438,-0.27597,0.09702
,188,70834.2,141.2,0.005106336,0.02373,0.07751,0.11096,-0.07357,,,188,70834.2,141.2,0.006231661,0.00302,-0.02357,-0.0493,-0.00558,,188,70834.2,141.2,-19.25384,0.10925,-0.2508,0.29195,,,188,70834.2,141.2,-11.91921,0.10925,-0.2508,0.29195
,189,70863.2,141.1,0.002161699,0.01004,0.02902,0.08145,-0.05065,,,189,70863.2,141.1,0.003578445,0.00173,-0.01554,-0.02907,0.02543,,189,70863.2,141.1,-7.69241,-0.16978,-0.03981,0.16083,,,189,70863.2,141.1,-11.51377,-0.16978,-0.03981,0.16083
,190,70904.6,141,0.030292839,0.14065,0.05032,0.33535,-0.16018,,,190,70904.6,141,0.018567608,0.009,-0.03645,-0.07955,0.03661,,190,70904.6,141,30.35553,-0.05204,0.25574,0.11708,,,190,70904.6,141,20.66353,-0.05204,0.25574,0.11708
,191,70970.1,140.9,0.007151092,0.03317,0.06063,0.15428,-0.07546,,,191,70970.1,140.9,0.005796979,0.00281,-0.0184,-0.04451,0.02219,,191,70970.1,140.9,-9.63589,0.00438,-0.04041,0.19176,,,191,70970.1,140.9,-8.70768,0.00438,-0.04041,0.19176
,192,70993.6,140.9,0.021955667,0.10181,-0.10532,-0.28706,0.09119,,,192,70993.6,140.9,0.018220863,0.00884,0.01997,0.08049,-0.04431,,192,70993.6,140.9,-3.7736,0.06983,0.01218,0.03122,,,192,70993.6,140.9,-1.44559,0.06983,0.01218,0.03122
,193,71055.2,140.7,0.007840355,0.03633,0.00375,0.17079,0.08452,,,193,71055.2,140.7,0.005630688,0.00273,-0.01151,-0.04004,-0.03161,,193,71055.2,140.7,10.84469,-0.10812,0.22154,-0.1707,,,193,71055.2,140.7,3.24822,-0.10812,0.22154,-0.1707
,194,71095.9,140.7,0.012391991,0.05738,-0.00948,0.10882,-0.21319,,,194,71095.9,140.7,0.005099831,0.00248,0.01174,-0.01428,0.04622,,194,71095.9,140.7,-14.41639,-0.206,0.02918,0.16749,,,194,71095.9,140.7,-7.14032,-0.206,0.02918,0.16749
,195,71161.1,140.5,0.006864174,0.03176,0.08796,-0.09425,0.12303,,,195,71161.1,140.5,0.003803985,0.00185,-0.02334,0.0249,-0.02619,,195,71161.1,140.5,5.96806,0.20697,0.04405,-0.01134,,,195,71161.1,140.5,4.99605,0.20697,0.04405,-0.01134
,196,71257.3,140.3,0.000124676,0.00058,0.00227,-0.02099,-0.01142,,,196,71257.3,140.3,0.00013182,0.00006,0.00595,-0.00097,0.00527,,196,71257.3,140.3,0.93053,0.12876,-0.01262,-0.12407,,,196,71257.3,140.3,-0.18113,0.12876,-0.01262,-0.12407
,197,71273.6,140.3,0.004136199,0.01911,0.03806,0.12669,-0.04006,,,197,71273.6,140.3,0.002761568,0.00135,-0.01854,-0.02884,0.01304,,197,71273.6,140.3,-4.1347,0.11913,-0.142,-0.11697,,,197,71273.6,140.3,-0.52511,0.11913,-0.142,-0.11697
,198,71292.4,140.3,0.012056907,0.05568,-0.13024,0.18176,-0.07534,,,198,71292.4,140.3,0.005752954,0.0028,0.0366,-0.02346,0.03022,,198,71292.4,140.3,-35.36793,0.09908,-0.34311,-0.00331,,,198,71292.4,140.3,-16.80145,0.09908,-0.34311,-0.00331
,199,71400.1,140.1,0.014264228,0.06577,-0.21137,-0.11976,0.08215,,,199,71400.1,140.1,0.008599895,0.0042,0.05682,0.03058,-0.00574,,199,71400.1,140.1,31.56095,-0.13568,-0.17332,0.21314,,,199,71400.1,140.1,20.62552,-0.13568,-0.17332,0.21314
,200,71430.9,140,0.004559656,0.02101,0.13048,-0.03789,0.05052,,,200,71430.9,140,0.005770335,0.00282,-0.04942,0.01714,-0.00901,,200,71430.9,140,-4.80233,-0.00009,0.18252,-0.0645,,,200,71430.9,140,-5.37942,-0.00009,0.18252,-0.0645
,201,71507.9,139.8,0.007602562,0.035,0.13492,-0.11651,0.05677,,,201,71507.9,139.8,0.004108789,0.00201,-0.03511,0.02109,-0.01818,,201,71507.9,139.8,6.05807,0.05441,-0.13685,-0.18384,,,201,71507.9,139.8,2.10579,0.05441,-0.13685,-0.18384
,202,71548.2,139.8,0.000913067,0.0042,0.04277,-0.04573,0.01675,,,202,71548.2,139.8,0.001009415,0.00049,-0.01152,0.01875,0.00302,,202,71548.2,139.8,-0.95399,-0.0856,-0.02191,0.03794,,,202,71548.2,139.8,-0.99756,-0.0856,-0.02191,0.03794
,203,71580.1,139.7,0.004618647,0.02124,-0.05334,-0.11295,0.07509,,,203,71580.1,139.7,0.001897888,0.00093,0.02005,0.01714,-0.01526,,203,71580.1,139.7,1.07093,-0.08888,0.07053,0.07321,,,203,71580.1,139.7,2.44343,-0.08888,0.07053,0.07321
,204,71668.2,139.5,0.007050051,0.03238,-0.02263,0.03703,0.17465,,,204,71668.2,139.5,0.004346125,0.00213,-0.00357,0.00184,-0.04596,,204,71668.2,139.5,5.3746,0.03901,0.02255,0.06555,,,204,71668.2,139.5,4.49128,0.03901,0.02255,0.06555
,205,71726.1,139.4,0.001444803,0.00663,-0.03055,0.06714,-0.03451,,,205,71726.1,139.4,0.000186191,0.00009,0.00439,-0.00847,0.00052,,205,71726.1,139.4,-4.19984,0.09203,-0.05962,0.06069,,,205,71726.1,139.4,-1.35687,0.09203,-0.05962,0.06069
,206,71759.4,139.4,0.002448936,0.01124,-0.06692,-0.08178,-0.00827,,,206,71759.4,139.4,0.001617396,0.00079,0.02449,0.01073,0.00886,,206,71759.4,139.4,0.38011,-0.03978,0.04184,-0.18923,,,206,71759.4,139.4,3.17444,-0.03978,0.04184,-0.18923
,207,71831.7,139.2,0.00708758,0.03248,-0.01317,-0.173,0.04878,,,207,71831.7,139.2,0.002252213,0.00111,0.01383,0.02886,-0.00904,,207,71831.7,139.2,6.17152,0.06967,-0.09212,-0.03955,,,207,71831.7,139.2,1.92644,0.06967,-0.09212,-0.03955
,208,71879.8,139.1,0.002950342,0.01351,-0.05248,-0.06115,0.08378,,,208,71879.8,139.1,0.001439656,0.00071,0.01599,0.0033,-0.02099,,208,71879.8,139.1,-0.58978,-0.0356,0.08067,0.02165,,,208,71879.8,139.1,1.09081,-0.0356,0.08067,0.02165
,209,71939.3,139,0.006250422,0.0286,0.03122,-0.15975,-0.04592,,,209,71939.3,139,0.003289754,0.00162,-0.00788,0.03482,0.01851,,209,71939.3,139,-6.53557,0.09273,0.1254,-0.0713,,,209,71939.3,139,-3.33169,0.09273,0.1254,-0.0713
,210,71971.9,138.9,0.012095086,0.05532,-0.02379,-0.22505,0.06411,,,210,71971.9,138.9,0.003955552,0.00195,-0.00099,0.04393,-0.0039,,210,71971.9,138.9,-19.80831,-0.03737,0.21607,0.08926,,,210,71971.9,138.9,-13.19757,-0.03737,0.21607,0.08926
,211,71987,138.9,0.001828713,0.00836,-0.00705,-0.07478,0.05217,,,211,71987,138.9,0.000847645,0.00042,-0.00035,0.00748,-0.019,,211,71987,138.9,-5.04035,0.13132,0.19073,0.0862,,,211,71987,138.9,0.36906,0.13132,0.19073,0.0862
,212,72057.4,138.8,0.013838333,0.06322,0.043,-0.1359,0.20714,,,212,72057.4,138.8,0.004952769,0.00244,-0.01378,0.02771,-0.03849,,212,72057.4,138.8,-0.7011,0.12996,-0.12824,-0.11829,,,212,72057.4,138.8,1.13719,0.12996,-0.12824,-0.11829
,213,72069.2,138.8,0.001659239,0.00758,-0.0354,-0.03501,0.07142,,,213,72069.2,138.8,0.001350669,0.00067,0.00885,0.01291,-0.0205,,213,72069.2,138.8,-10.44819,0.08456,0.20245,-0.16915,,,213,72069.2,138.8,-9.80558,0.08456,0.20245,-0.16915
,214,72118.9,138.7,0.008868868,0.04049,0.0145,0.11365,-0.1654,,,214,72118.9,138.7,0.001918969,0.00095,-0.00409,-0.02204,0.02106,,214,72118.9,138.7,-11.27016,-0.11168,-0.09029,0.0727,,,214,72118.9,138.7,-5.70651,-0.11168,-0.09029,0.0727
,215,72138.6,138.6,0.002278232,0.0104,0.01804,-0.00124,0.10035,,,215,72138.6,138.6,0.000411129,0.0002,-0.00585,0.00531,-0.01184,,215,72138.6,138.6,3.34956,0.1796,-0.08753,0.03743,,,215,72138.6,138.6,2.80916,0.1796,-0.08753,0.03743
,216,72309.8,138.3,0.016892388,0.07691,0.08281,-0.06394,-0.25683,,,216,72309.8,138.3,0.014704176,0.00727,-0.0277,0.03571,0.07228,,216,72309.8,138.3,-11.7903,0.10924,-0.18052,0.17754,,,216,72309.8,138.3,-4.80651,0.10924,-0.18052,0.17754
,217,72373,138.2,0.006440488,0.0293,0.02663,-0.15861,-0.05858,,,217,72373,138.2,0.007695426,0.00381,-0.01386,0.05499,0.0243,,217,72373,138.2,-14.0095,-0.02985,0.19206,-0.02631,,,217,72373,138.2,-14.77666,-0.02985,0.19206,-0.02631
,218,72400.1,138.1,0.005413059,0.02461,-0.01686,-0.13371,0.08031,,,218,72400.1,138.1,0.001560165,0.00077,0.01412,0.01152,-0.02097,,218,72400.1,138.1,-11.99818,-0.10618,0.07063,-0.22157,,,218,72400.1,138.1,-5.66081,-0.10618,0.07063,-0.22157
,219,72499.5,137.9,0.003423378,0.01555,-0.01209,-0.01152,0.12356,,,219,72499.5,137.9,0.00026921,0.00013,0.00227,-0.00624,-0.00945,,219,72499.5,137.9,-12.99652,0.02268,0.15887,-0.20608,,,219,72499.5,137.9,-1.43849,0.02268,0.15887,-0.20608
,220,72516.8,137.9,0.002812975,0.01277,0.04521,-0.10268,-0.01353,,,220,72516.8,137.9,0.003424072,0.0017,-0.0179,0.03202,0.01873,,220,72516.8,137.9,6.5983,0.14248,-0.04092,-0.24784,,,220,72516.8,137.9,12.1346,0.14248,-0.04092,-0.24784
,221,72545.6,137.8,0.001535256,0.00697,0.04639,-0.06854,-0.01083,,,221,72545.6,137.8,0.002075686,0.00103,-0.0208,0.01844,0.01603,,221,72545.6,137.8,-1.17031,0.00455,0.04716,-0.04978,,,221,72545.6,137.8,0.03275,0.00455,0.04716,-0.04978
,222,72571.2,137.8,0.004872443,0.0221,0.02372,0.06876,-0.12966,,,222,72571.2,137.8,0.001052513,0.00052,-0.00727,-0.00252,0.02151,,222,72571.2,137.8,-6.9081,-0.04077,-0.17017,0.01531,,,222,72571.2,137.8,-1.50443,-0.04077,-0.17017,0.01531
,223,72651.2,137.6,0.022290607,0.10101,0.00967,0.28514,-0.14003,,,223,72651.2,137.6,0.007772564,0.00386,-0.00821,-0.0553,0.0271,,223,72651.2,137.6,-37.37858,0.20609,-0.19331,0.18678,,,223,72651.2,137.6,-20.02251,0.20609,-0.19331,0.18678
,224,72698.9,137.6,0.002349085,0.01064,0.01559,0.08105,-0.06186,,,224,72698.9,137.6,0.001128335,0.00056,0.00139,-0.00092,-0.02362,,224,72698.9,137.6,-5.17886,-0.17166,-0.25768,-0.2033,,,224,72698.9,137.6,-6.83265,-0.17166,-0.25768,-0.2033
,225,72755.3,137.4,0.014796318,0.06695,0.17512,-0.07117,-0.17669,,,225,72755.3,137.4,0.005571657,0.00277,-0.04051,0.01695,0.02902,,225,72755.3,137.4,-19.14774,-0.3034,-0.08059,-0.03838,,,225,72755.3,137.4,-13.95052,-0.3034,-0.08059,-0.03838
,226,72821.4,137.3,0.018410725,0.08323,0.14785,-0.0255,-0.24642,,,226,72821.4,137.3,0.012683869,0.00631,-0.03499,0.00815,0.07087,,226,72821.4,137.3,10.22352,0.05555,0.23091,-0.07857,,,226,72821.4,137.3,7.99904,0.05555,0.23091,-0.07857
,227,72868.3,137.2,0.001266181,0.00572,0.02483,0.01269,-0.07031,,,227,72868.3,137.2,0.001970452,0.00098,-0.01458,0.0266,0.00783,,227,72868.3,137.2,-3.16539,0.25428,0.23497,0.22772,,,227,72868.3,137.2,-6.1434,0.25428,0.23497,0.22772
,228,72974.6,137,0.004047787,0.01826,-0.00806,0.10278,0.08736,,,228,72974.6,137,0.001330831,0.00066,-0.00762,-0.01987,-0.01452,,228,72974.6,137,10.70985,0.05021,0.0361,0.22219,,,228,72974.6,137,6.13457,0.05021,0.0361,0.22219
,229,73056.9,136.9,0.007919824,0.03569,-0.03754,0.05942,0.17535,,,229,73056.9,136.9,0.001520482,0.00076,0.00121,-0.01623,-0.02223,,229,73056.9,136.9,-11.78594,-0.03146,-0.15993,-0.0951,,,229,73056.9,136.9,-6.61713,-0.03146,-0.15993,-0.0951
,230,73061,136.9,0.03729437,0.16805,-0.30552,0.2067,0.17883,,,230,73061,136.9,0.015989068,0.00798,0.0726,-0.02472,-0.04585,,230,73061,136.9,-7.4763,0.26337,0.31865,-0.00705,,,230,73061,136.9,-16.38188,0.26337,0.31865,-0.00705
,231,73099,136.8,0.02250543,0.10136,-0.13191,0.26308,-0.12143,,,231,73099,136.8,0.006830699,0.00341,0.03071,-0.04469,0.02173,,231,73099,136.8,13.45311,-0.01432,0.01751,-0.1815,,,231,73099,136.8,7.31189,-0.01432,0.01751,-0.1815
,232,73166.4,136.7,0.00514241,0.02314,0.10154,-0.02812,-0.10972,,,232,73166.4,136.7,0.004194632,0.0021,-0.02726,0.01762,0.03231,,232,73166.4,136.7,3.15578,-0.05237,-0.24265,-0.04727,,,232,73166.4,136.7,6.18767,-0.05237,-0.24265,-0.04727
,233,73170.7,136.7,0.00621338,0.02796,-0.04957,0.10198,-0.12287,,,233,73170.7,136.7,0.005411633,0.00271,0.00007,-0.01972,0.04814,,233,73170.7,136.7,2.13289,-0.05064,0.06828,0.04028,,,233,73170.7,136.7,-0.83235,-0.05064,0.06828,0.04028
,234,73249.9,136.5,0.002039628,0.00917,-0.08123,0.02954,-0.04119,,,234,73249.9,136.5,0.001498698,0.00075,0.01194,-0.00089,0.02464,,234,73249.9,136.5,-1.44271,0.0342,0.02398,0.02404,,,234,73249.9,136.5,-1.38339,0.0342,0.02398,0.02404
,235,73265.6,136.5,0.012966929,0.05827,-0.16395,-0.00467,0.1771,,,235,73265.6,136.5,0.00888904,0.00445,0.05129,-0.01053,-0.04135,,235,73265.6,136.5,-3.20724,0.08264,-0.04946,0.03678,,,235,73265.6,136.5,-4.57369,0.08264,-0.04946,0.03678
,236,73286.2,136.5,0.007367023,0.03309,0.02584,0.01221,-0.17966,,,236,73286.2,136.5,0.002845379,0.00143,0.01714,-0.0171,0.02897,,236,73286.2,136.5,-17.19567,-0.07154,-0.11887,0.18465,,,236,73286.2,136.5,-8.69114,-0.07154,-0.11887,0.18465
,237,73323.6,136.4,0.004280112,0.01922,-0.13424,0.03443,0.0033,,,237,73323.6,136.4,0.001907552,0.00096,0.0228,-0.00898,0.01885,,237,73323.6,136.4,-12.89744,0.18974,-0.08148,0.27884,,,237,73323.6,136.4,-14.55559,0.18974,-0.08148,0.27884
,238,73401.2,136.2,0.005046095,0.02263,0.06703,0.13422,-0.01109,,,238,73401.2,136.2,0.004007125,0.00201,-0.01703,-0.03375,-0.0241,,238,73401.2,136.2,-7.15086,0.00946,-0.09391,0.28831,,,238,73401.2,136.2,5.55314,0.00946,-0.09391,0.28831
,239,73403.7,136.2,0.005187217,0.02326,0.0876,0.05582,0.11169,,,239,73403.7,136.2,0.005917264,0.00297,-0.03651,-0.00789,-0.03967,,239,73403.7,136.2,-6.46208,-0.09526,-0.15369,0.02881,,,239,73403.7,136.2,-5.00163,-0.09526,-0.15369,0.02881
,240,73450.8,136.1,0.012603798,0.05649,0.19932,-0.12918,-0.00878,,,240,73450.8,136.1,0.002818882,0.00142,-0.03482,0.01316,-0.00545,,240,73450.8,136.1,-17.55388,-0.25853,-0.10121,-0.139,,,240,73450.8,136.1,-11.86959,-0.25853,-0.10121,-0.139
,241,73461.1,136.1,0.029763145,0.13338,0.21698,-0.10036,-0.27609,,,241,73461.1,136.1,0.014237029,0.00715,-0.04894,0.03356,0.06022,,241,73461.1,136.1,-17.82632,-0.21111,0.086,-0.06022,,,241,73461.1,136.1,-13.50929,-0.21111,0.086,-0.06022
,242,73504.8,136,0.001028403,0.00461,0.00877,0.05867,-0.03296,,,242,73504.8,136,0.000335731,0.00017,-0.01137,-0.00338,0.0053,,242,73504.8,136,-7.71831,0.04137,-0.28234,0.0051,,,242,73504.8,136,-0.71867,0.04137,-0.28234,0.0051
,243,73525.2,136,0.001685687,0.00755,0.08401,0.01791,0.013,,,243,73525.2,136,0.000956829,0.00048,-0.01218,-0.01279,-0.013,,243,73525.2,136,0.12139,-0.00847,0.09059,-0.05023,,,243,73525.2,136,0.56565,-0.00847,0.09059,-0.05023
,244,73611.3,135.8,0.008186725,0.03661,0.09026,-0.158,0.05917,,,244,73611.3,135.8,0.000297818,0.00015,-0.00728,0.00833,-0.00525,,244,73611.3,135.8,-15.92351,-0.28123,0.02339,-0.07935,,,244,73611.3,135.8,-3.73589,-0.28123,0.02339,-0.07935
,245,73649.6,135.8,0.012444555,0.05563,0.02987,-0.18718,-0.14035,,,245,73649.6,135.8,0.003784822,0.00191,0.01831,0.03658,0.01522,,245,73649.6,135.8,-3.17034,-0.20335,-0.09615,0.13287,,,245,73649.6,135.8,7.32931,-0.20335,-0.09615,0.13287
,246,73708.3,135.7,0.005141201,0.02296,0.07057,0.10755,0.08009,,,246,73708.3,135.7,0.005110731,0.00257,-0.03114,-0.04003,-0.00169,,246,73708.3,135.7,9.78021,0.27648,-0.15051,0.21751,,,246,73708.3,135.7,4.14503,0.27648,-0.15051,0.21751
,247,73768.2,135.6,0.026732171,0.1193,-0.12444,0.27674,0.16502,,,247,73768.2,135.6,0.017970742,0.00906,0.02855,-0.07299,-0.05402,,247,73768.2,135.6,29.79731,0.37956,0.2311,0.28168,,,247,73768.2,135.6,29.8043,0.37956,0.2311,0.28168
,248,73783.7,135.5,0.005425862,0.02421,-0.00012,-0.03245,0.15217,,,248,73783.7,135.5,0.001829995,0.00092,-0.00682,0.0096,-0.028,,248,73783.7,135.5,-2.11638,0.07577,0.16628,0.00602,,,248,73783.7,135.5,-1.2783,0.07577,0.16628,0.00602
,249,73804.4,135.5,0.02055852,0.0917,0.01223,-0.3013,-0.02776,,,249,73804.4,135.5,0.01564877,0.00789,-0.00295,0.08589,0.02252,,249,73804.4,135.5,31.20651,-0.26473,-0.19916,-0.33942,,,249,73804.4,135.5,33.60727,-0.26473,-0.19916,-0.33942
,250,73830.7,135.4,0.016097003,0.07178,0.16886,0.01174,-0.20767,,,250,73830.7,135.4,0.008997079,0.00454,-0.04213,-0.00256,0.05252,,250,73830.7,135.4,-8.4769,-0.2757,-0.23111,-0.15066,,,250,73830.7,135.4,-6.02047,-0.2757,-0.23111,-0.15066
,251,73874.2,135.4,0.007903831,0.03522,-0.06975,0.16151,-0.06537,,,251,73874.2,135.4,0.002953406,0.00149,0.01024,-0.02728,0.02534,,251,73874.2,135.4,4.24337,0.05273,0.02581,-0.1302,,,251,73874.2,135.4,4.84988,0.05273,0.02581,-0.1302
,252,73940.9,135.2,0.008437694,0.03757,-0.00872,-0.11264,0.15749,,,252,73940.9,135.2,0.00413767,0.00209,-0.00712,0.03739,-0.02534,,252,73940.9,135.2,13.18784,0.07689,-0.27575,-0.01535,,,252,73940.9,135.2,14.6499,0.07689,-0.27575,-0.01535
,253,73983.1,135.2,0.006814354,0.03032,-0.06356,0.15477,0.04828,,,253,73983.1,135.2,0.002633301,0.00133,0.00869,-0.03544,-0.0004,,253,73983.1,135.2,0.06373,0.12453,-0.04583,0.31368,,,253,73983.1,135.2,-3.61026,0.12453,-0.04583,0.31368
,254,74007.3,135.1,0.002996697,0.01333,0.0106,0.0526,-0.10223,,,254,74007.3,135.1,0.001357571,0.00069,0.00652,-0.02029,0.01525,,254,74007.3,135.1,-13.73853,0.07482,0.05539,0.32131,,,254,74007.3,135.1,-5.96284,0.07482,0.05539,0.32131
,255,74078.6,135,0.018481139,0.08213,-0.17478,-0.06039,0.21894,,,255,74078.6,135,0.010735799,0.00544,0.05105,-0.00175,-0.05316,,255,74078.6,135,-14.76026,0.16676,0.10681,0.01959,,,255,74078.6,135,-10.17595,0.16676,0.10681,0.01959
,256,74168,134.8,0.029709011,0.13187,0.10558,0.03876,-0.34528,,,256,74168,134.8,0.021882033,0.01109,-0.03554,-0.00721,0.09888,,256,74168,134.8,-24.61162,-0.14604,-0.6565,0.03285,,,256,74168,134.8,-18.37831,-0.14604,-0.6565,0.03285
,257,74205.7,134.8,0.011197059,0.04968,-0.04252,0.12132,-0.18206,,,257,74205.7,134.8,0.009551643,0.00484,0.01877,-0.0244,0.06242,,257,74205.7,134.8,-2.95053,-0.18732,-0.26977,-0.10165,,,257,74205.7,134.8,4.57093,-0.18732,-0.26977,-0.10165
,258,74266,134.7,0.020082687,0.08902,-0.15202,0.23265,0.10857,,,258,74266,134.7,0.015425721,0.00783,0.04107,-0.07317,-0.02808,,258,74266,134.7,4.91753,0.18166,0.07242,0.19524,,,258,74266,134.7,4.62564,0.18166,0.07242,0.19524
,259,74351.7,134.5,0.008178304,0.03621,0.01817,0.17436,0.07403,,,259,74351.7,134.5,0.002937557,0.00149,-0.01264,-0.03541,-0.00887,,259,74351.7,134.5,4.14996,0.16483,0.01634,0.03995,,,259,74351.7,134.5,4.19875,0.16483,0.01634,0.03995
,260,74436,134.3,0.018922434,0.08369,0.19478,-0.00573,-0.21382,,,260,74436,134.3,0.022830871,0.01161,-0.07207,0.01803,0.07807,,260,74436,134.3,-30.73792,0.05456,-0.12656,0.35802,,,260,74436,134.3,-30.21616,0.05456,-0.12656,0.35802
,261,74474,134.3,0.036763175,0.16251,0.11961,-0.30386,0.23638,,,261,74474,134.3,0.021903727,0.01115,-0.04418,0.0867,-0.04098,,261,74474,134.3,-72.3696,-0.10773,0.04136,-0.54172,,,261,74474,134.3,-42.44104,-0.10773,0.04136,-0.54172
,262,74496.9,134.2,0.079465631,0.35117,0.20654,-0.49727,-0.24746,,,262,74496.9,134.2,0.074789816,0.03808,-0.07156,0.15676,0.09157,,262,74496.9,134.2,84.26692,-0.39445,-0.56201,0.07783,,,262,74496.9,134.2,73.2628,-0.39445,-0.56201,0.07783
,263,74577.9,134.1,0.037725702,0.16653,-0.16022,0.36324,0.09443,,,263,74577.9,134.1,0.027377404,0.01395,0.04416,-0.1038,-0.03508,,263,74577.9,134.1,16.11488,0.18307,0.18904,-0.05461,,,263,74577.9,134.1,13.35113,0.18307,0.18904,-0.05461
,264,74615.7,134,0.002114144,0.00933,-0.02872,0.03136,-0.08672,,,264,74615.7,134,0.001366459,0.0007,0.01251,-0.01281,0.0194,,264,74615.7,134,-16.01058,0.10324,0.02412,0.36615,,,264,74615.7,134,-11.21072,0.10324,0.02412,0.36615
,265,74636.4,134,0.030768162,0.13571,-0.16257,0.30947,0.11625,,,265,74636.4,134,0.011944391,0.00609,0.04192,-0.06132,-0.02399,,265,74636.4,134,-50.30906,0.0286,-0.23024,-0.26505,,,265,74636.4,134,-30.04927,0.0286,-0.23024,-0.26505
,266,74681.1,133.9,0.045677601,0.20136,0.20327,-0.337,-0.21557,,,266,74681.1,133.9,0.047535484,0.02426,-0.07174,0.11345,0.07903,,266,74681.1,133.9,-99.84411,-0.16998,0.3215,0.31954,,,266,74681.1,133.9,-102.41756,-0.16998,0.3215,0.31954
,267,74736.2,133.8,0.128677466,0.56682,-0.1511,-0.17686,0.71604,,,267,74736.2,133.8,0.082033113,0.0419,0.04571,0.04355,-0.19472,,267,74736.2,133.8,164.07013,0.44182,-0.08241,0.5589,,,267,74736.2,133.8,127.68279,0.44182,-0.08241,0.5589
,268,74745.6,133.8,0.002255044,0.00993,0.06132,0.0183,-0.0764,,,268,74745.6,133.8,0.004961681,0.00253,-0.02767,0.0046,0.04181,,268,74745.6,133.8,-1.02649,-0.16399,0.16015,-0.06477,,,268,74745.6,133.8,-3.55226,-0.16399,0.16015,-0.06477
,269,74788.8,133.7,0.02246009,0.09887,-0.07137,-0.0933,0.29167,,,269,74788.8,133.7,0.025386847,0.01298,0.03198,0.0096,-0.10891,,269,74788.8,133.7,14.85744,0.21152,-0.12454,0.11997,,,269,74788.8,133.7,10.37355,0.21152,-0.12454,0.11997
,270,74809.2,133.7,0.011777778,0.05183,0.13794,-0.02779,-0.17897,,,270,74809.2,133.7,0.017534998,0.00897,-0.04492,0.02054,0.08078,,270,74809.2,133.7,-3.49372,-0.20003,0.21483,-0.14612,,,270,74809.2,133.7,-2.2061,-0.20003,0.21483,-0.14612
,271,75008.7,133.3,0.009275193,0.04071,0.02487,-0.19908,-0.02135,,,271,75008.7,133.3,0.006554169,0.00336,-0.00923,0.05636,0.00993,,271,75008.7,133.3,-10.89464,-0.01129,0.08288,0.29641,,,271,75008.7,133.3,-10.64638,-0.01129,0.08288,0.29641
,272,75038.8,133.3,0.007417941,0.03254,0.01575,0.08538,-0.15814,,,272,75038.8,133.3,0.000985992,0.00051,0.00433,-0.01985,0.00963,,272,75038.8,133.3,-8.19379,0.06098,0.16863,0.20702,,,272,75038.8,133.3,1.50401,0.06098,0.16863,0.20702
,273,75085.9,133.2,0.000378637,0.00166,0.00416,-0.02795,0.02935,,,273,75085.9,133.2,0.001093549,0.00056,-0.00787,0.01685,0.01467,,273,75085.9,133.2,-0.14898,-0.14705,-0.18596,-0.16702,,,273,75085.9,133.2,6.10149,-0.14705,-0.18596,-0.16702
,274,75146.3,133.1,0.002767317,0.01212,0.04373,0.06968,-0.07318,,,274,75146.3,133.1,0.001487464,0.00076,-0.01597,-0.01055,0.01994,,274,75146.3,133.1,-10.62231,-0.25251,-0.22285,-0.05519,,,274,75146.3,133.1,-7.27409,-0.25251,-0.22285,-0.05519
,275,75313,132.8,0.002320816,0.01014,0.02619,0.06948,0.06806,,,275,75313,132.8,0.005789541,0.00298,0.01066,-0.04497,-0.02906,,275,75313,132.8,6.02863,0.15538,0.29408,-0.17209,,,275,75313,132.8,9.02338,0.15538,0.29408,-0.17209
,276,75325.5,132.8,0.045228009,0.19767,0.01888,-0.37933,0.23114,,,276,75325.5,132.8,0.018347669,0.00945,0.00015,0.08985,-0.03705,,276,75325.5,132.8,-21.36237,-0.09776,0.03361,-0.1329,,,276,75325.5,132.8,-10.89178,-0.09776,0.03361,-0.1329
,277,75392.1,132.6,0.011136899,0.04863,-0.08887,0.16164,-0.12086,,,277,75392.1,132.6,0.00516643,0.00266,0.0215,-0.03512,0.03108,,277,75392.1,132.6,3.71785,-0.10268,-0.02224,-0.0195,,,277,75392.1,132.6,2.79008,-0.10268,-0.02224,-0.0195
,278,75447,132.5,0.033058077,0.14425,-0.05193,0.23401,-0.2946,,,278,75447,132.5,0.005569985,0.00287,0.02162,-0.02117,0.04423,,278,75447,132.5,29.05723,-0.08277,0.17872,-0.05266,,,278,75447,132.5,10.83783,-0.08277,0.17872,-0.05266
,279,75456.3,132.5,0.025967395,0.11329,0.07029,-0.04526,-0.32604,,,279,75456.3,132.5,0.019105538,0.00985,-0.02459,0.01938,0.09419,,279,75456.3,132.5,-37.23893,-0.09888,0.01847,0.21838,,,279,75456.3,132.5,-32.03245,-0.09888,0.01847,0.21838
,280,75471.3,132.5,0.013942027,0.06082,0.13005,0.01753,-0.2088,,,280,75471.3,132.5,0.007658623,0.00395,-0.02336,-0.02631,0.05208,,280,75471.3,132.5,-4.59414,0.0301,-0.06927,0.0596,,,280,75471.3,132.5,-5.79041,0.0301,-0.06927,0.0596
,281,75500.1,132.5,0.006687192,0.02916,-0.01309,0.09854,-0.13885,,,281,75500.1,132.5,0.000404041,0.00021,0.00495,-0.01314,0.00335,,281,75500.1,132.5,-0.64873,0.2646,0.10543,0.05979,,,281,75500.1,132.5,-0.17148,0.2646,0.10543,0.05979
,282,75579,132.3,0.008722814,0.038,0.11507,0.06685,0.14243,,,282,75579,132.3,0.003903952,0.00202,-0.02433,-0.02203,-0.03065,,282,75579,132.3,10.94444,0.27925,-0.50769,0.17566,,,282,75579,132.3,1.35936,0.27925,-0.50769,0.17566
,283,75585,132.3,0.011318086,0.0493,-0.15697,0.11793,-0.10368,,,283,75585,132.3,0.007255824,0.00375,0.04093,-0.02315,0.0392,,283,75585,132.3,-19.53979,-0.06475,-0.24575,0.21825,,,283,75585,132.3,-15.87065,-0.06475,-0.24575,0.21825
,284,75639.7,132.2,0.010965337,0.04773,0.04447,0.20635,-0.05627,,,284,75639.7,132.2,0.003059918,0.00158,-0.00534,-0.03524,-0.01766,,284,75639.7,132.2,24.96832,0.14667,0.16956,-0.20349,,,284,75639.7,132.2,4.32994,0.14667,0.16956,-0.20349
,285,75685.2,132.1,0.027986416,0.12173,0.23209,-0.02188,-0.2596,,,285,75685.2,132.1,0.008668259,0.00448,-0.05224,0.00254,0.04182,,285,75685.2,132.1,22.20458,0.16934,0.02054,-0.03176,,,285,75685.2,132.1,13.83801,0.16934,0.02054,-0.03176
,286,75710.2,132.1,0.015771267,0.06858,-0.07768,0.23595,-0.08291,,,286,75710.2,132.1,0.002395261,0.00124,0.02003,-0.02771,-0.0084,,286,75710.2,132.1,-6.86043,0.01197,-0.08792,-0.08591,,,286,75710.2,132.1,-4.64308,0.01197,-0.08792,-0.08591
,287,75768.5,132,0.008326592,0.03618,0.11512,0.11027,0.10377,,,287,75768.5,132,0.009627275,0.00499,-0.02959,-0.04737,-0.0432,,287,75768.5,132,9.48635,0.3383,-0.02345,-0.15648,,,287,75768.5,132,2.92456,0.3383,-0.02345,-0.15648
,288,75815.4,131.9,0.028781167,0.12498,0.10671,0.14441,-0.30452,,,288,75815.4,131.9,0.013683758,0.00709,-0.03426,-0.03587,0.06805,,288,75815.4,131.9,3.16515,0.02632,0.12245,0.04524,,,288,75815.4,131.9,3.02291,0.02632,0.12245,0.04524
,289,75851.2,131.8,0.016974351,0.07367,-0.14522,0.22917,-0.00819,,,289,75851.2,131.8,0.00311252,0.00161,0.01846,-0.03298,0.01361,,289,75851.2,131.8,9.56894,0.07208,0.13027,-0.11108,,,289,75851.2,131.8,6.10673,0.07208,0.13027,-0.11108
,290,75922.4,131.7,0.011360723,0.04926,0.21711,-0.04462,-0.01157,,,290,75922.4,131.7,0.009196148,0.00477,-0.06663,0.0181,0.00197,,290,75922.4,131.7,16.15498,0.13494,-0.07842,-0.1271,,,290,75922.4,131.7,14.53111,0.13494,-0.07842,-0.1271
,291,75966.4,131.6,0.013309603,0.05768,0.084,-0.0099,0.22478,,,291,75966.4,131.6,0.005607377,0.00291,-0.01604,-0.0198,-0.04756,,291,75966.4,131.6,4.00592,-0.21591,0.08056,0.12204,,,291,75966.4,131.6,5.35991,-0.21591,0.08056,0.12204
,292,76019.5,131.5,0.003709838,0.01607,-0.07444,0.04638,0.09151,,,292,76019.5,131.5,0.000347969,0.00018,0.0128,-0.00386,-0.00143,,292,76019.5,131.5,-4.05948,-0.02565,0.02404,-0.12715,,,292,76019.5,131.5,0.32553,-0.02565,0.02404,-0.12715
,293,76057.9,131.5,0.002200193,0.00952,0.04228,-0.08766,0.00716,,,293,76057.9,131.5,0.001549488,0.00081,-0.01419,0.00781,0.0233,,293,76057.9,131.5,1.79318,0.13396,0.02607,0.05942,,,293,76057.9,131.5,0.42531,0.13396,0.02607,0.05942
,294,76107.9,131.4,0.016775516,0.07256,-0.06064,0.04064,-0.2593,,,294,76107.9,131.4,0.007446742,0.00387,0.03405,-0.02126,0.04756,,294,76107.9,131.4,-20.95753,0.15742,-0.07148,0.12342,,,294,76107.9,131.4,-17.33393,0.15742,-0.07148,0.12342
,295,76191,131.2,0.036687268,0.15852,-0.12042,-0.25602,0.28013,,,295,76191,131.2,0.0099253,0.00517,0.03781,0.02346,-0.05646,,295,76191,131.2,-10.55571,0.03082,0.07479,0.00167,,,295,76191,131.2,-3.83713,0.03082,0.07479,0.00167
,296,76233.5,131.2,0.003989081,0.01723,-0.09234,0.04927,0.0792,,,296,76233.5,131.2,0.006096927,0.00318,0.02376,-0.03488,-0.03736,,296,76233.5,131.2,16.09445,0.08959,0.18172,0.42246,,,296,76233.5,131.2,27.13622,0.08959,0.18172,0.42246
,297,76272.4,131.1,0.038906663,0.16793,-0.00006,-0.34958,0.21384,,,297,76272.4,131.1,0.012567751,0.00655,0.00872,0.06806,-0.04293,,297,76272.4,131.1,-33.31538,-0.13751,0.06568,-0.22313,,,297,76272.4,131.1,-17.43103,-0.13751,0.06568,-0.22313
,298,76393.1,130.9,0.004555265,0.01963,0.00543,-0.05938,0.12679,,,298,76393.1,130.9,0.001288973,0.00067,0.00209,-0.00047,-0.02585,,298,76393.1,130.9,-6.13277,-0.08859,0.06384,-0.0689,,,298,76393.1,130.9,-2.1204,-0.08859,0.06384,-0.0689
,299,76428.4,130.8,0.027367989,0.11789,-0.24708,0.1235,0.20392,,,299,76428.4,130.8,0.010593408,0.00553,0.0547,-0.02171,-0.0455,,299,76428.4,130.8,11.99748,-0.06644,0.05095,0.01344,,,299,76428.4,130.8,7.2452,-0.06644,0.05095,0.01344
,300,76466.1,130.8,0.002929264,0.01261,0.10792,-0.02893,0.01134,,,300,76466.1,130.8,0.002856507,0.00149,-0.02339,0.01093,-0.02875,,300,76466.1,130.8,-4.43226,-0.15272,-0.16823,0.19511,,,300,76466.1,130.8,5.24424,-0.15272,-0.16823,0.19511
